equation,variable,elasticity,std_error,t,p_value
export_demand,const,8.2529536166089,15.105538773947304,0.5463528140315568,0.5848234387379083
export_demand,log_foreign_gdp,0.8939684877188185,0.7192181798164615,1.2429725955299848,0.21387793217260698
export_demand,log_reer,0.16779148744264516,1.6562963891509914,0.10130523047789422,0.919308164236598
export_demand,log_commodity,0.2255603879496658,0.23356533111524433,0.9657271773710766,0.33418071648475034
export_demand,ect,-0.09480032319727487,0.07476497281254056,-1.2679777659381923,0.20793756593159093
import_demand,const,3.868371298341572,5.542926207086125,0.6978933425807136,0.48524389812907676
import_demand,log_exports,0.9044540399671441,0.19903479220210507,4.544200689539435,5.514410129414362e-06
import_demand,log_reer,-0.4763507925707019,0.4119372633302306,-1.1563673281696636,0.24753093952909533
import_demand,log_commodity,0.051998672754179576,0.08677453611099176,0.599238844534634,0.5490136227578871
import_demand,ect,-0.3040812898347614,0.0761780788917128,-3.991716439410519,0.00012999928514637998
