year,flow,dimension,hhi,top5_share,n_to_80,n_units,concentration
2000,M,partner,1175.1438664071609,0.647727297001294,10,178,unconcentrated
2001,M,partner,1054.871274284617,0.6164438341569658,11,200,unconcentrated
2002,M,partner,1039.2596994825396,0.6391872924474825,10,205,unconcentrated
2003,M,partner,980.9144917757577,0.6228682189853311,10,206,unconcentrated
2004,M,partner,909.4893684553319,0.6041946720487902,10,197,unconcentrated
2005,M,partner,860.0580784618002,0.5927445507882059,11,211,unconcentrated
2006,M,partner,844.4735292964588,0.5884798509218534,11,208,unconcentrated
2007,M,partner,796.0110692117447,0.566909608062992,12,211,unconcentrated
2008,M,partner,773.339411147189,0.5596365110817155,13,211,unconcentrated
2009,M,partner,809.0094772817308,0.5751249048106841,12,216,unconcentrated
2010,M,partner,780.957221755114,0.5623181022981782,12,212,unconcentrated
2011,M,partner,773.7880322138313,0.5596606956682479,13,208,unconcentrated
2012,M,partner,777.5653043983255,0.5518380903543019,13,212,unconcentrated
2013,M,partner,773.425582607126,0.5422668708976793,13,208,unconcentrated
2014,M,partner,777.7480871936093,0.5401112684035286,14,207,unconcentrated
2015,M,partner,854.8514181983435,0.5631288952740081,13,207,unconcentrated
2016,M,partner,900.1615995694499,0.5680066357009129,12,196,unconcentrated
2017,M,partner,866.3152753065992,0.5560643461598666,13,202,unconcentrated
2018,M,partner,887.5632824432647,0.5591365640172415,13,202,unconcentrated
2019,M,partner,896.4809935881271,0.5577225495607134,13,199,unconcentrated
2020,M,partner,933.0567544519773,0.5705304550890953,12,203,unconcentrated
2021,M,partner,1007.4254737430289,0.5782528949333533,12,204,unconcentrated
2022,M,partner,934.6195265305709,0.563488681386978,12,208,unconcentrated
2023,M,partner,929.5566894161701,0.552484287283912,13,209,unconcentrated
2024,M,partner,969.6074946750292,0.5708465182025202,13,205,unconcentrated
2025,M,partner,1102.7135350107872,0.5883739033690516,13,207,unconcentrated
2000,X,partner,1122.5084166783304,0.63071476586285,11,208,unconcentrated
2001,X,partner,1069.7529511564019,0.6195067930457402,11,211,unconcentrated
2002,X,partner,1041.6415151978902,0.6217396249142966,11,219,unconcentrated
2003,X,partner,972.4286412569209,0.6116372537463055,12,213,unconcentrated
2004,X,partner,906.0374648530586,0.5844608207688848,12,216,unconcentrated
2005,X,partner,940.1672029775316,0.5869690805855594,12,213,unconcentrated
2006,X,partner,892.1527836707959,0.5717529757350535,12,217,unconcentrated
2007,X,partner,788.7789781012457,0.5458987622623894,13,219,unconcentrated
2008,X,partner,740.3137352638562,0.5349766665612925,13,221,unconcentrated
2009,X,partner,733.6226408774728,0.5372394609314696,13,220,unconcentrated
2010,X,partner,717.5512601242029,0.5291644179223896,13,222,unconcentrated
2011,X,partner,712.5093352128721,0.5253347301455755,14,221,unconcentrated
2012,X,partner,743.0077281201359,0.5381859891933434,13,224,unconcentrated
2013,X,partner,747.4778404876531,0.5366454188178422,13,223,unconcentrated
2014,X,partner,727.4936462674291,0.5245142410056135,13,218,unconcentrated
2015,X,partner,725.642158932874,0.531633802101359,13,223,unconcentrated
2016,X,partner,717.8740201795376,0.5239859346192337,13,215,unconcentrated
2017,X,partner,719.4758361384875,0.5212901317524533,13,217,unconcentrated
2018,X,partner,736.7473397967586,0.5312045215191805,13,219,unconcentrated
2019,X,partner,742.4117394606656,0.529616273184701,13,213,unconcentrated
2020,X,partner,828.4299276269584,0.5699117134448991,12,216,unconcentrated
2021,X,partner,787.5841248581147,0.5501838732641495,13,217,unconcentrated
2022,X,partner,755.0592425375312,0.5371677797919862,13,220,unconcentrated
2023,X,partner,772.6409186093667,0.5416925971060333,13,222,unconcentrated
2024,X,partner,795.262469317012,0.5474792128902081,13,223,unconcentrated
2025,X,partner,865.0328945883797,0.5650135447790038,12,227,unconcentrated
2000,M,product,2357.5070237603823,0.7066404569408377,10,97,moderate
2001,M,product,2066.8992871687574,0.6841776744291681,11,97,moderate
2002,M,product,1941.1218898964446,0.6689434628098689,12,97,moderate
2003,M,product,2189.8719833057353,0.6959723520833835,10,97,moderate
2004,M,product,1815.0473203840177,0.6664327474263442,12,97,moderate
2005,M,product,1753.776842868097,0.6741197415365513,12,97,moderate
2006,M,product,1671.8506089597815,0.6665677556037888,12,97,moderate
2007,M,product,1529.286291078782,0.6489043094785923,13,97,moderate
2008,M,product,1345.2652306749105,0.6292491481403716,14,97,unconcentrated
2009,M,product,1285.5936068878075,0.5986540592298005,16,97,unconcentrated
2010,M,product,1311.236504380503,0.6079937251948748,15,97,unconcentrated
2011,M,product,1099.3609443518433,0.574993565825761,16,97,unconcentrated
2012,M,product,1080.061425385041,0.584349313790041,16,97,unconcentrated
2013,M,product,1089.3874917963446,0.5889662208205895,15,97,unconcentrated
2014,M,product,1127.7463013547579,0.5973281888040163,16,97,unconcentrated
2015,M,product,1075.6953902644161,0.5770712139569518,18,97,unconcentrated
2016,M,product,1089.9899935465528,0.5731497708975887,19,97,unconcentrated
2017,M,product,1164.9054415898113,0.5942588034216575,17,97,unconcentrated
2018,M,product,1177.9659906440838,0.6001509423283617,16,97,unconcentrated
2019,M,product,1138.689904037791,0.5951825218774562,16,97,unconcentrated
2020,M,product,1212.547550690422,0.5841150896510402,18,97,unconcentrated
2021,M,product,1221.1241163445927,0.5871544159490149,16,97,unconcentrated
2022,M,product,1329.337444670631,0.6240658838741021,15,97,unconcentrated
2023,M,product,1271.4556803656144,0.6232985599047772,15,97,unconcentrated
2024,M,product,1315.2901088575775,0.6373126729310535,15,97,unconcentrated
2025,M,product,1483.192766045058,0.651511509040971,14,97,unconcentrated
2000,X,product,2156.2432574081304,0.7827976626071657,6,97,moderate
2001,X,product,2075.565596033662,0.7646803564737079,7,97,moderate
2002,X,product,2040.1932644007718,0.7599012623290891,7,97,moderate
2003,X,product,1949.3157430306992,0.7539767898967781,8,97,moderate
2004,X,product,1782.5157807466142,0.7369836943837375,8,97,moderate
2005,X,product,1767.6649041653654,0.738187021883074,8,97,moderate
2006,X,product,1636.0391867044607,0.7252956035094678,8,97,moderate
2007,X,product,1499.8271066807754,0.7147427928557502,9,97,unconcentrated
2008,X,product,1382.9074110672366,0.7203031523124637,9,97,unconcentrated
2009,X,product,1427.955818583508,0.7091353668455744,9,97,unconcentrated
2010,X,product,1386.1259020182677,0.7106956506075836,9,97,unconcentrated
2011,X,product,1328.2307310970612,0.7043031538587294,9,97,unconcentrated
2012,X,product,1346.9115068590518,0.6996766986313573,9,97,unconcentrated
2013,X,product,1416.5624829518051,0.6999243630881261,10,97,unconcentrated
2014,X,product,1469.8987316918794,0.7004131665225752,10,97,unconcentrated
2015,X,product,1382.984553485386,0.6735172270700512,11,97,unconcentrated
2016,X,product,1382.8036060205643,0.6675096684317166,11,97,unconcentrated
2017,X,product,1453.2446773447261,0.6781835367699134,11,97,unconcentrated
2018,X,product,1554.8473246878837,0.6803715749412671,10,97,moderate
2019,X,product,1550.6344403928074,0.669010124845501,11,97,moderate
2020,X,product,1679.8630890561785,0.6752686416906108,10,97,moderate
2021,X,product,1539.093356748369,0.6737628527873731,10,97,moderate
2022,X,product,1774.7807212439957,0.7196791653863828,9,97,moderate
2023,X,product,1862.484318504776,0.7202217340858529,9,97,moderate
2024,X,product,1744.4137224093959,0.7125478298742551,9,97,moderate
2025,X,product,2193.699410174207,0.7498374382444193,8,97,moderate
2000,M,product_partner,541.5188254549239,0.4467852590799986,43,935,unconcentrated
2001,M,product_partner,453.40580791851005,0.40377186253424296,53,951,unconcentrated
2002,M,product_partner,431.720417355574,0.38429517747629677,53,950,unconcentrated
2003,M,product_partner,450.5202081355596,0.3871515687979997,49,950,unconcentrated
2004,M,product_partner,360.17062319015884,0.3468005158409386,58,958,unconcentrated
2005,M,product_partner,343.5450238708767,0.3478933320965969,58,949,unconcentrated
2006,M,product_partner,324.5917184479097,0.3391547825738019,58,950,unconcentrated
2007,M,product_partner,288.11078452239497,0.3152287756585259,65,952,unconcentrated
2008,M,product_partner,281.71415980341294,0.31963943036538817,69,950,unconcentrated
2009,M,product_partner,269.26299985896776,0.30579173771941753,75,955,unconcentrated
2010,M,product_partner,254.13993450991234,0.2877934975154644,71,947,unconcentrated
2011,M,product_partner,240.55021409748628,0.2878175491291108,79,956,unconcentrated
2012,M,product_partner,264.9839153083652,0.30058697285135055,78,951,unconcentrated
2013,M,product_partner,264.7524045421187,0.29985030760261216,79,949,unconcentrated
2014,M,product_partner,271.0315508365858,0.30606567881153196,78,955,unconcentrated
2015,M,product_partner,239.76490580314376,0.29300545522854227,86,951,unconcentrated
2016,M,product_partner,228.41851369072074,0.2792428625707309,87,951,unconcentrated
2017,M,product_partner,249.77803748423958,0.2982577277747837,80,946,unconcentrated
2018,M,product_partner,262.5630125627972,0.31073788676958586,79,951,unconcentrated
2019,M,product_partner,246.81932712758163,0.2924406709634784,82,946,unconcentrated
2020,M,product_partner,266.5580617807669,0.3003459741190538,79,947,unconcentrated
2021,M,product_partner,273.88138981081386,0.2941965012181472,76,945,unconcentrated
2022,M,product_partner,287.03023847886914,0.3114404959192484,72,945,unconcentrated
2023,M,product_partner,277.6740526683886,0.3060682225407197,72,961,unconcentrated
2024,M,product_partner,305.68623421855324,0.33166496756878927,70,961,unconcentrated
2025,M,product_partner,360.9826335904652,0.3533353564342116,64,963,unconcentrated
2000,X,product_partner,533.9418794418624,0.46247382466114373,35,897,unconcentrated
2001,X,product_partner,489.2847035440759,0.4342985273169587,38,920,unconcentrated
2002,X,product_partner,486.52449398732966,0.4282687352618606,39,918,unconcentrated
2003,X,product_partner,465.22116789576575,0.42475387091841327,41,911,unconcentrated
2004,X,product_partner,410.36757476270856,0.3924484675030655,45,906,unconcentrated
2005,X,product_partner,422.94083936046036,0.3954883202696438,43,912,unconcentrated
2006,X,product_partner,408.5548849117031,0.3775241494283232,44,931,unconcentrated
2007,X,product_partner,338.2751153939127,0.33706457238340104,49,918,unconcentrated
2008,X,product_partner,301.59309082486493,0.30997376366379303,49,931,unconcentrated
2009,X,product_partner,284.3172312403836,0.29879119322856884,52,933,unconcentrated
2010,X,product_partner,263.19000267254575,0.2799976978320883,54,916,unconcentrated
2011,X,product_partner,268.175297447244,0.2885193656813679,58,920,unconcentrated
2012,X,product_partner,283.1213059288528,0.3086057662878195,56,927,unconcentrated
2013,X,product_partner,287.6431925121195,0.31295820383121387,53,923,unconcentrated
2014,X,product_partner,300.39191694980116,0.32288589791095473,54,922,unconcentrated
2015,X,product_partner,270.62263413382806,0.3086144786032745,59,914,unconcentrated
2016,X,product_partner,269.3004992493388,0.3031784233134416,66,927,unconcentrated
2017,X,product_partner,285.3320094443617,0.31173233658782495,59,925,unconcentrated
2018,X,product_partner,302.4956665798123,0.3273554310723248,58,917,unconcentrated
2019,X,product_partner,293.7455741170241,0.32502162363139037,62,931,unconcentrated
2020,X,product_partner,337.0639653250874,0.34984106094594464,53,917,unconcentrated
2021,X,product_partner,314.36280882213634,0.3318267905692301,57,921,unconcentrated
2022,X,product_partner,360.0835272887003,0.3678868592467333,54,919,unconcentrated
2023,X,product_partner,373.1789199020531,0.3757121663756874,53,952,unconcentrated
2024,X,product_partner,369.18893632515136,0.36722725176738163,55,946,unconcentrated
2025,X,product_partner,480.1111241228807,0.4258904348688885,45,943,unconcentrated
