flow,flow_label,year,rank,hs_code,hs_description,partner_code,partner_iso,partner,exposure,value_usd,share_of_total,share_within_top10
X,Exports,2025,1,85,"Electrical machinery and equipment and parts thereof; sound recorders and reproducers; television image and sound recorders and reproducers, parts and accessories of such articles",702,SGP,Singapore,85 to Singapore,44702224453.455,0.09668706148462095,0.1385074323283682
X,Exports,2025,2,85,"Electrical machinery and equipment and parts thereof; sound recorders and reproducers; television image and sound recorders and reproducers, parts and accessories of such articles",842,USA,USA,85 to USA,31539984925.691,0.06821827099252126,0.09772494279969238
X,Exports,2025,3,85,"Electrical machinery and equipment and parts thereof; sound recorders and reproducers; television image and sound recorders and reproducers, parts and accessories of such articles",344,HKG,"China, Hong Kong SAR","85 to China, Hong Kong SAR",27833283341.449,0.06020099470789447,0.08623992778941197
X,Exports,2025,4,85,"Electrical machinery and equipment and parts thereof; sound recorders and reproducers; television image and sound recorders and reproducers, parts and accessories of such articles",156,CHN,China,85 to China,21838471607.033,0.0472347332334186,0.06766532684331171
X,Exports,2025,5,84,"Machinery and mechanical appliances, boilers, nuclear reactors; parts thereof",842,USA,USA,84 to USA,11538946985.849,0.02495774853106521,0.03575280510810425
X,Exports,2025,6,27,"Mineral fuels, mineral oils and products of their distillation; bituminous substances; mineral waxes",360,IDN,Indonesia,27 to Indonesia,9645191108.389,0.020861717669077857,0.02988510462449962
X,Exports,2025,7,84,"Machinery and mechanical appliances, boilers, nuclear reactors; parts thereof",702,SGP,Singapore,84 to Singapore,9092520249.783,0.019666338201050817,0.028172683766608395
X,Exports,2025,8,27,"Mineral fuels, mineral oils and products of their distillation; bituminous substances; mineral waxes",702,SGP,Singapore,27 to Singapore,9011290325.954,0.019490644871788795,0.027920997227172343
X,Exports,2025,9,27,"Mineral fuels, mineral oils and products of their distillation; bituminous substances; mineral waxes",36,AUS,Australia,27 to Australia,7250692036.807,0.015682622405038423,0.022465878351703907
X,Exports,2025,10,27,"Mineral fuels, mineral oils and products of their distillation; bituminous substances; mineral waxes",392,JPN,Japan,27 to Japan,6527713350.507,0.014118881773581863,0.020225767871926426
M,Imports,2025,1,85,"Electrical machinery and equipment and parts thereof; sound recorders and reproducers; television image and sound recorders and reproducers, parts and accessories of such articles",156,CHN,China,85 to China,28350299697.376,0.08348780633306181,0.12582439373538054
M,Imports,2025,2,84,"Machinery and mechanical appliances, boilers, nuclear reactors; parts thereof",156,CHN,China,84 to China,18254440565.807,0.05375686377021052,0.08101691839905986
M,Imports,2025,3,85,"Electrical machinery and equipment and parts thereof; sound recorders and reproducers; television image and sound recorders and reproducers, parts and accessories of such articles",702,SGP,Singapore,85 to Singapore,13572886245.573,0.0399703181393867,0.06023922855554772
M,Imports,2025,4,85,"Electrical machinery and equipment and parts thereof; sound recorders and reproducers; television image and sound recorders and reproducers, parts and accessories of such articles",842,USA,USA,85 to USA,10124456546.256,0.029815158089477125,0.044934396476619044
M,Imports,2025,5,84,"Machinery and mechanical appliances, boilers, nuclear reactors; parts thereof",842,USA,USA,84 to USA,9310168204.12,0.02741718882166679,0.04132041926760445
M,Imports,2025,6,27,"Mineral fuels, mineral oils and products of their distillation; bituminous substances; mineral waxes",702,SGP,Singapore,27 to Singapore,8858215412.97,0.02608624884917999,0.03931456089748198
M,Imports,2025,7,85,"Electrical machinery and equipment and parts thereof; sound recorders and reproducers; television image and sound recorders and reproducers, parts and accessories of such articles",410,KOR,Rep. of Korea,85 to Rep. of Korea,7797134282.055,0.02296150812660848,0.03460526711834818
M,Imports,2025,8,85,"Electrical machinery and equipment and parts thereof; sound recorders and reproducers; television image and sound recorders and reproducers, parts and accessories of such articles",392,JPN,Japan,85 to Japan,5081570355.4,0.014964538866540809,0.022553042331720622
M,Imports,2025,9,87,"Vehicles; other than railway or tramway rolling stock, and parts and accessories thereof",156,CHN,China,87 to China,3616318973.318,0.010649571302799829,0.016049958809204627
M,Imports,2025,10,27,"Mineral fuels, mineral oils and products of their distillation; bituminous substances; mineral waxes",360,IDN,Indonesia,27 to Indonesia,3306106301.267,0.00973603685121685,0.014673171903722207
