flow,flow_label,year,rank,partner_code,partner_iso,partner,value_usd,share
X,Exports,2000,1,842,USA,USA,20159485426.0,0.21339225164612055
X,Exports,2000,2,702,SGP,Singapore,18045932852.0,0.19101986796629547
X,Exports,2000,3,392,JPN,Japan,12834294000.0,0.13585361119466377
X,Exports,2000,4,344,HKG,"China, Hong Kong SAR",4435279678.0,0.046948337081463586
X,Exports,2000,5,528,NLD,Netherlands,4109576051.0,0.04350069797430663
X,Exports,2000,6,764,THA,Thailand,3548687245.0,0.03756357593442168
X,Exports,2000,7,410,KOR,Rep. of Korea,3280114071.0,0.0347206742868583
X,Exports,2000,8,826,GBR,United Kingdom,3043583111.0,0.03221694598864879
X,Exports,2000,9,156,CHN,China,3028245899.0,0.03205459848158232
X,Exports,2000,10,276,DEU,Germany,2456856972.0,0.026006330526243748
M,Imports,2000,1,392,JPN,Japan,17240280079.0,0.22539446333903393
M,Imports,2000,2,842,USA,USA,13636641045.0,0.1782815230379424
M,Imports,2000,3,702,SGP,Singapore,11761991315.0,0.15377289162906546
M,Imports,2000,4,410,KOR,Rep. of Korea,3663075440.0,0.04788999477884849
M,Imports,2000,5,156,CHN,China,3242263784.0,0.042388424216403674
M,Imports,2000,6,764,THA,Thailand,3154442858.0,0.04124027868773456
M,Imports,2000,7,276,DEU,Germany,2442172402.0,0.031928259599487765
M,Imports,2000,8,360,IDN,Indonesia,2269236392.0,0.029667343942240236
M,Imports,2000,9,344,HKG,"China, Hong Kong SAR",2251966508.0,0.02944156244575232
M,Imports,2000,10,608,PHL,Philippines,1989997796.0,0.026016658848926136
X,Exports,2025,1,702,SGP,Singapore,81129634102.13,0.1867849454388575
X,Exports,2025,2,842,USA,USA,60804442045.754,0.13999020845649487
X,Exports,2025,3,156,CHN,China,52294362439.666,0.12039743237047838
X,Exports,2025,4,344,HKG,"China, Hong Kong SAR",31313123027.592,0.07209227603401021
X,Exports,2025,5,392,JPN,Japan,19870840561.955,0.04574868247916278
X,Exports,2025,6,360,IDN,Indonesia,17424947968.088,0.04011749826699635
X,Exports,2025,7,764,THA,Thailand,17148501687.561,0.03948103535185478
X,Exports,2025,8,704,VNM,Viet Nam,16219327654.338,0.03734179581232621
X,Exports,2025,9,36,AUS,Australia,14447068626.342,0.03326151972688206
X,Exports,2025,10,410,KOR,Rep. of Korea,14397194449.991,0.033146694294576985
M,Imports,2025,1,156,CHN,China,82624501133.2,0.2703301556965832
M,Imports,2025,2,702,SGP,Singapore,35667876470.795,0.11669786162063905
M,Imports,2025,3,842,USA,USA,30804865898.077,0.1007871040699499
M,Imports,2025,4,392,JPN,Japan,15615197926.415,0.05108967471858723
M,Imports,2025,5,410,KOR,Rep. of Korea,15119882939.445,0.0494691072632922
M,Imports,2025,6,360,IDN,Indonesia,14657047453.273,0.04795480596860631
M,Imports,2025,7,764,THA,Thailand,12757486184.991,0.041739837207923104
M,Imports,2025,8,704,VNM,Viet Nam,8652915019.297,0.02831053540190092
M,Imports,2025,9,276,DEU,Germany,7139092047.353,0.02335762199135024
M,Imports,2025,10,36,AUS,Australia,7007170634.344,0.022926002609334917
