specification,sample_end,nobs,outcome,shock,innovation_sd,impact_percent,horizon_4_percent,horizon_8_percent,horizon_12_percent,peak_percent
baseline,2024Q1,37,exports,foreign GDP,0.01760920267187279,2.369428038846788,-0.00014248270896466408,-0.00014367549951987968,-0.00014367550013050234,2.369428038846788
baseline,2024Q1,37,imports,foreign GDP,0.01760920267187279,1.889389909124084,9.596612124962434e-05,9.501284483626193e-05,9.50128443477638e-05,1.889389909124084
baseline,2024Q1,37,exports,TPU,28.727936772334996,-0.19610942965150313,0.11874392950939061,0.11874409012289089,0.1187440901229575,-0.19610942965150313
baseline,2024Q1,37,imports,TPU,28.727936772334996,-0.08758365001572121,0.16424001186063908,0.16424014028071365,0.16424014028078027,0.16424014028078027
us_china,2024Q1,37,exports,US GDP,0.019439799440965425,2.575779720032556,0.014659340447376046,0.013600577089745158,0.013600133818103544,2.575779720032556
us_china,2024Q1,37,imports,US GDP,0.019439799440965425,2.128879940550288,0.014641985281871328,0.01376604416167826,0.013765677431742951,2.128879940550288
us_china,2024Q1,37,exports,China GDP,0.0279542794978518,-0.2589896449870288,-0.017595053621499712,-0.017493866342199738,-0.017493823977954293,-0.2589896449870288
us_china,2024Q1,37,imports,China GDP,0.0279542794978518,-0.21737890070671062,-0.017625722603675786,-0.017542007959059358,-0.01754197291010673,-0.21737890070671062
us_china,2024Q1,37,exports,TPU,28.727936772334996,0.08304548016033753,0.05388988225496494,0.05387767741698024,0.053877672307156566,0.08304548016033753
us_china,2024Q1,37,imports,TPU,28.727936772334996,0.14241901545553048,0.11828296904812241,0.11827286519257019,0.11827286096237621,0.14241901545553048
through_2019Q4,2019Q4,20,exports,foreign GDP,0.002806767728526383,-0.015438050522642577,9.915088972078934e-07,1.4768849210256008e-05,1.4781142754216603e-05,-0.015438050522642577
through_2019Q4,2019Q4,20,imports,foreign GDP,0.002806767728526383,-0.11975053086711318,-5.733184194056662e-05,4.953456951284352e-05,4.962992659063303e-05,-0.11975053086711318
through_2019Q4,2019Q4,20,exports,TPU,36.177423516185485,0.6359829405997663,0.5013258721766167,0.5012057980069873,0.5012056908647144,0.6359829405997663
through_2019Q4,2019Q4,20,imports,TPU,36.177423516185485,1.5589413491067017,0.5096228534223979,0.5086914033472834,0.5086905722170965,1.5589413491067017
