episode,quarter,actual_rm_million,forecast_rm_million,gap_percent
COVID,2020Q1,2043516466.5612507,1953814076.7157829,4.59114257157216
COVID,2020Q2,1787450617.2104,1842894231.785732,-3.008507684220596
COVID,2020Q3,2221194962.024436,1855217574.2333174,19.726925449289247
COVID,2020Q4,2137113508.2560546,1886007390.3555212,13.314164047533161
COVID,2021Q1,2379817384.190556,1926084493.06929,23.557268269068764
COVID,2021Q2,2479966021.74716,1958958924.0361059,26.596121609206904
COVID,2021Q3,2514859945.519437,1984993529.3302355,26.6936092415367
COVID,2021Q4,2712735868.1542745,2021202109.3498561,34.21398362912149
COVID,2022Q1,2803448947.9614096,2069001028.0131538,35.497706864531665
COVID,2022Q2,3125730342.3676395,2107538448.4174492,48.31190124738889
COVID,2022Q3,3310724797.1568923,2109803777.068048,56.92098161648664
COVID,2022Q4,2940613541.7712855,2011821810.0490925,46.16669960942161
"COVID, no commodity",2020Q1,2043516466.5612507,1973730959.9880042,3.535715251366911
"COVID, no commodity",2020Q2,1787450617.2104,1908345743.5253692,-6.33507459144349
"COVID, no commodity",2020Q3,2221194962.024436,1838090757.184409,20.842507549891987
"COVID, no commodity",2020Q4,2137113508.2560546,1805432928.8521826,18.37124902860503
"COVID, no commodity",2021Q1,2379817384.190556,1760102244.456995,35.20904207043654
"COVID, no commodity",2021Q2,2479966021.74716,1715554277.2131405,44.5577126114471
"COVID, no commodity",2021Q3,2514859945.519437,1671175551.2029238,50.48448642688814
"COVID, no commodity",2021Q4,2712735868.1542745,1625841101.1854546,66.85122956827263
"COVID, no commodity",2022Q1,2803448947.9614096,1584907917.890476,76.88402690882008
"COVID, no commodity",2022Q2,3125730342.3676395,1546947459.1539977,102.05795121684704
"COVID, no commodity",2022Q3,3310724797.1568923,1508196209.5176952,119.51552299787478
"COVID, no commodity",2022Q4,2940613541.7712855,1465750883.2718837,100.62164555597461
trade war,2018Q3,2083995818.6842227,2122688063.4695106,-1.8227946654604477
trade war,2018Q4,2129011615.52873,2108605172.4614758,0.9677697529041129
trade war,2019Q1,2061496426.4554098,2081544764.7219973,-0.9631471110478462
trade war,2019Q2,2052261841.9584928,2154773378.0943465,-4.757416124498148
trade war,2019Q3,2052231636.5592544,2192679829.137725,-6.405321502578964
trade war,2019Q4,2013918610.2960083,2200599268.2378016,-8.48317368074396
GFC,2008Q4,1457314206.3509572,1622936477.071625,-10.205098786091193
GFC,2009Q1,1218417647.212398,1531227196.1488104,-20.42868293635064
GFC,2009Q2,1353195263.3883967,1506541081.7201533,-10.178668221690168
