block,name,estimate,std_error,pvalue
cointegrating vector,REER,1.0,,
cointegrating vector,exports,-4.780575879989169,,
cointegrating vector,imports,2.68626314801038,,
cointegrating vector,constant,-32.09420755582279,,
"long-run relation, exports normalised to 1",REER,0.20917981956647982,,
"long-run relation, exports normalised to 1",imports,0.5619120406088953,,
"long-run relation, exports normalised to 1",constant,-6.713460545656165,,
adjustment speed,REER,0.021798866002111537,0.028402447799780656,0.4427845586134227
adjustment speed,exports,0.377824142020159,0.05054143955648753,7.682743330406083e-14
adjustment speed,imports,0.30195576385944667,0.055391354285037296,4.999849689824032e-08
short-run exogenous,REER on foreign GDP,0.07619755258165593,0.09989302204675159,0.4455877245501587
short-run exogenous,exports on foreign GDP,1.3298687152016628,0.17775711345307926,7.349676423018536e-14
short-run exogenous,imports on foreign GDP,1.0629456988196988,0.19481453900735238,4.864515390501367e-08
short-run exogenous,REER on TPU,3.7707291940870035e-05,6.41608067597231e-05,0.5567338240645443
short-run exogenous,exports on TPU,-6.833138680465162e-05,0.00011417253750808987,0.5495114821517912
short-run exogenous,imports on TPU,-3.0500633442082888e-05,0.00012512843975613552,0.8074208796861828
short-run exogenous,REER on COVID,-0.00882009841318281,0.01206605116008716,0.46478851730493886
short-run exogenous,exports on COVID,-0.06755074041426659,0.02147123373633103,0.0016546099827154936
short-run exogenous,imports on COVID,-0.08130540049630447,0.023531595563215317,0.000549968709407711
short-run exogenous,REER on trade war,-0.003341794083219705,0.007233416754812325,0.6440857279604453
short-run exogenous,exports on trade war,-0.038234303664625706,0.012871682690076264,0.002973928545089599
short-run exogenous,imports on trade war,-0.028410440233241255,0.014106838712691113,0.04401498863414033
