outcome,shock,horizon,log_response,percent,percent_low_90,percent_high_90,kind
REER,REER,0,0.018541231083680734,1.8714186993569415,1.5547931805906856,2.0551639196134452,impulse response
REER,REER,1,0.016955089973814022,1.7099643327910252,1.3469531516248523,1.9356528251916805,impulse response
REER,REER,2,0.016067105356031012,1.619687537123271,1.2231864653813984,1.8856649727407415,impulse response
REER,REER,3,0.015569976395364015,1.569182002396774,1.157627313257792,1.857743089745889,impulse response
REER,REER,4,0.01529166391270991,1.54091796449225,1.1279085181503001,1.8415941877870656,impulse response
REER,REER,5,0.015135853561413599,1.5250980708768624,1.1139901457873913,1.8337268852528732,impulse response
REER,REER,6,0.015048624755362342,1.5162425440220284,1.0931366911613116,1.8310577331304367,impulse response
REER,REER,7,0.014999790614743162,1.5112852066031524,1.081022392573594,1.8300962349287797,impulse response
REER,REER,8,0.014972451328583354,1.5085099984647021,1.0794849415984187,1.829052586876223,impulse response
REER,REER,9,0.014957145713326259,1.5069563601550762,1.0788209633417312,1.828269444763464,impulse response
REER,REER,10,0.014948577023674714,1.5060865822750014,1.0785409529000756,1.8278684384106958,impulse response
REER,REER,11,0.014943779931815867,1.505599649421363,1.0784327207725486,1.8276630759703982,impulse response
REER,REER,12,0.014941094329788244,1.5053270461431678,1.0783818075587925,1.8275578908616863,impulse response
exports,REER,0,-0.003994049312265951,-0.3986083705848631,-1.2126364119052768,0.5747416698953067,impulse response
exports,REER,1,-0.013227414467254868,-1.3140316669665753,-2.1997516372512127,-0.41004205116361714,impulse response
exports,REER,2,-0.018396617999652295,-1.822843314606959,-2.7576364377375873,-0.7956544487325079,impulse response
exports,REER,3,-0.021290542880865567,-2.106549920304157,-3.040329252000229,-1.0568252399739686,impulse response
exports,REER,4,-0.022910676653044793,-2.265021997207972,-3.1897211716793272,-1.128585617252864,impulse response
exports,REER,5,-0.02381769170958463,-2.353628903833316,-3.2431674648167763,-1.1631807989314846,impulse response
exports,REER,6,-0.024325474663632548,-2.4031994799886713,-3.294302641604163,-1.179668853183069,impulse response
exports,REER,7,-0.024609751673768707,-2.430940063447473,-3.318400486722084,-1.1934742020031197,impulse response
exports,REER,8,-0.024768901203794748,-2.446466897904487,-3.325849378882728,-1.2070621771699597,impulse response
exports,REER,9,-0.024857999414358362,-2.455158355935616,-3.329457035636074,-1.2155305203175315,impulse response
exports,REER,10,-0.02490788012166764,-2.4600238402832764,-3.3310386441271156,-1.220447265682978,impulse response
exports,REER,11,-0.024935805317313386,-2.462747625169537,-3.33181536606606,-1.2233027083673242,impulse response
exports,REER,12,-0.02495143894790763,-2.4642724746228417,-3.332196909112217,-1.224961406955094,impulse response
imports,REER,0,-0.004004033943800125,-0.39960284881581654,-1.3936648891047287,0.5294464650015263,impulse response
imports,REER,1,-0.015356397423898825,-1.5239089197868094,-2.429633034106682,-0.6719356267777865,impulse response
imports,REER,2,-0.02171190014878333,-2.1477893481003263,-3.0039998659455835,-1.229778831114392,impulse response
imports,REER,3,-0.025269962305339937,-2.495334934701665,-3.3006477403100365,-1.4621469788210884,impulse response
imports,REER,4,-0.02726190642965786,-2.689365466226601,-3.4930568595493483,-1.5887446134091543,impulse response
imports,REER,5,-0.028377075648130606,-2.7978228051059872,-3.609548900151127,-1.6535822449080473,impulse response
imports,REER,6,-0.029001391546677687,-2.858488730380848,-3.6742285307756917,-1.6996298447195635,impulse response
imports,REER,7,-0.029350908314825615,-2.892435384644776,-3.7191308775719745,-1.717318810261359,impulse response
imports,REER,8,-0.029546581645427755,-2.911434886331221,-3.7364916693339634,-1.7309218259251802,impulse response
imports,REER,9,-0.02965612732620244,-2.922069936769478,-3.750227469672174,-1.733746147598203,impulse response
imports,REER,10,-0.02971745533722705,-2.928023350577258,-3.7582028076809437,-1.7352057132451582,impulse response
imports,REER,11,-0.029751789186901783,-2.9313561480169614,-3.7629530993321114,-1.7359245470075502,impulse response
imports,REER,12,-0.02977101063585786,-2.9332219300684192,-3.765784061193189,-1.7362716511074128,impulse response
REER,TPU,0,0.002534779333748249,0.25379946029757683,0.0909880971668997,0.4438082225588502,dynamic multiplier
REER,TPU,1,0.001846255149964146,0.1847960528363224,0.030790758864651657,0.33729091532488376,dynamic multiplier
REER,TPU,2,0.001460792040554377,0.14618595169710868,-0.003075212421010942,0.2929557029602847,dynamic multiplier
REER,TPU,3,0.001244994524337521,0.12457698517465143,-0.02334115307002227,0.26933651522427215,dynamic multiplier
REER,TPU,4,0.0011241825273693256,0.11248146574009965,-0.03253529838778135,0.25974904862804404,dynamic multiplier
REER,TPU,5,0.0010565471862990599,0.10571055288985942,-0.03557011301608126,0.2550485142928327,dynamic multiplier
REER,TPU,6,0.0010186822434416426,0.10192012764265179,-0.03675769503505011,0.25184686835255654,dynamic multiplier
REER,TPU,7,0.0009974839486610195,0.0997981601227993,-0.03730392975426211,0.24945966905882688,dynamic multiplier
REER,TPU,8,0.0009856163036127143,0.09861021829786765,-0.038197116456606395,0.24825262256584768,dynamic multiplier
REER,TPU,9,0.0009789723258564796,0.09794516756744809,-0.03896892876908975,0.2476445209492084,dynamic multiplier
REER,TPU,10,0.0009752527639513446,0.09757284775626651,-0.03939550162901373,0.24733812725687976,dynamic multiplier
REER,TPU,11,0.0009731704058710291,0.09736440898364673,-0.039631309186938246,0.2471837328875015,dynamic multiplier
REER,TPU,12,0.0009720046193388386,0.09724771689232359,-0.03976168204732344,0.24710592418979438,dynamic multiplier
exports,TPU,0,0.008337831231804763,0.8372687755217711,0.39538651732904384,1.4724286246485585,dynamic multiplier
exports,TPU,1,0.004329741934217896,0.4339128809519366,0.006552820714045282,0.7948158886570189,dynamic multiplier
exports,TPU,2,0.002085854791505276,0.2088031699919446,-0.20625401274031452,0.5256612975416353,dynamic multiplier
exports,TPU,3,0.0008296378922803944,0.08299821369894822,-0.3120507072443046,0.40419799345425833,dynamic multiplier
exports,TPU,4,0.00012635791537814927,0.012636589887571326,-0.3710878162246245,0.34363628317288786,dynamic multiplier
exports,TPU,5,-0.0002673660714722147,-0.02673303323493803,-0.40168829231289616,0.3171194695405166,dynamic multiplier
exports,TPU,6,-0.0004877883540802876,-0.04876694046825891,-0.4160865127687319,0.2950475053424384,dynamic multiplier
exports,TPU,7,-0.0006111894784537904,-0.061100274021064216,-0.42137236333683603,0.28011937051093394,dynamic multiplier
exports,TPU,8,-0.000680274315596689,-0.06800429814842746,-0.4278453901228829,0.2756651325399151,dynamic multiplier
exports,TPU,9,-0.0007189507437677571,-0.0718692360607065,-0.4324323834192456,0.2753586056130741,dynamic multiplier
exports,TPU,10,-0.0007406033401685805,-0.07403291612049223,-0.43306961684950185,0.2752298393346342,dynamic multiplier
exports,TPU,11,-0.000752725321258025,-0.07524420946217747,-0.4333751098893779,0.27517545615267647,dynamic multiplier
exports,TPU,12,-0.0007595116864039281,-0.07592233304108964,-0.43352256684537904,0.27515235164108365,dynamic multiplier
imports,TPU,0,0.008588634257455837,0.8625622393350962,0.366536415635732,1.4300672818506444,dynamic multiplier
imports,TPU,1,0.0036607140676738243,0.3667422665004194,-0.06729183551928974,0.6949070588755379,dynamic multiplier
imports,TPU,2,0.0009018691584989577,0.0902275964774546,-0.29258738283945984,0.3604658591166876,dynamic multiplier
imports,TPU,3,-0.0006426414950343255,-0.06424350452155503,-0.42353610522726237,0.21678483829186135,dynamic multiplier
imports,TPU,4,-0.0015073197344469514,-0.15061842986159313,-0.4899932427595344,0.1362722203666733,dynamic multiplier
imports,TPU,5,-0.00199140086137432,-0.1989419338232823,-0.5456468931016922,0.10127171190188466,dynamic multiplier
imports,TPU,6,-0.002262408649897429,-0.22598513323771607,-0.5574574354596962,0.0825302641522363,dynamic multiplier
imports,TPU,7,-0.002414129544092104,-0.24112178768828096,-0.5585988216488036,0.07697146292846568,dynamic multiplier
imports,TPU,8,-0.0024990689100810957,-0.24959488370061012,-0.5654718161643535,0.07580637376969346,dynamic multiplier
imports,TPU,9,-0.0025466213314724083,-0.2543381442210002,-0.5725217548502082,0.07532566307197897,dynamic multiplier
imports,TPU,10,-0.002573243060441636,-0.2569935108513999,-0.573692062246467,0.07512232723032586,dynamic multiplier
imports,TPU,11,-0.0025881469587621633,-0.2584800594005898,-0.5740568099007026,0.07370745386023891,dynamic multiplier
imports,TPU,12,-0.002596490751361261,-0.25931227848455807,-0.5742479872234085,0.0727379279314988,dynamic multiplier
REER,foreign GDP,0,0.0,0.0,0.0,0.0,dynamic multiplier
REER,foreign GDP,1,4.392052070458766e-05,0.00439214852248071,-0.021522674634910643,0.035003683586198875,dynamic multiplier
REER,foreign GDP,2,2.4588447111096775e-05,0.002458874940947098,-0.011048986128503469,0.016358475238242853,dynamic multiplier
REER,foreign GDP,3,1.3765586601345816e-05,0.0013765681347477354,-0.005339526690140151,0.007493370305833302,dynamic multiplier
REER,foreign GDP,4,7.70652061201677e-06,0.0007706550307240434,-0.0028052326228156232,0.003867016512426602,dynamic multiplier
REER,foreign GDP,5,4.314415481402944e-06,0.00043144247885429365,-0.0014457028759573554,0.0020842666712539426,dynamic multiplier
REER,foreign GDP,6,2.415380673496718e-06,0.00024153835904705545,-0.0008123870740450734,0.001123320427320884,dynamic multiplier
REER,foreign GDP,7,1.352225770338736e-06,0.00013522266846255349,-0.00045261692052100955,0.0005983188138269924,dynamic multiplier
REER,foreign GDP,8,7.570295457076217e-07,7.570298321546431e-05,-0.0002563104991248899,0.00035401423261749443,dynamic multiplier
REER,foreign GDP,9,4.2381512440095563e-07,4.238152142566065e-05,-0.0001367390840667504,0.0001925838978511507,dynamic multiplier
REER,foreign GDP,10,2.372684932701033e-07,2.372685214968584e-05,-7.301821275396136e-05,0.00010737523443715702,dynamic multiplier
REER,foreign GDP,11,1.3283230035322096e-07,1.3283230915206445e-05,-4.3861991494420494e-05,6.260366434140963e-05,dynamic multiplier
REER,foreign GDP,12,7.436478300994794e-08,7.43647858847396e-06,-2.503946235909993e-05,3.573127944633825e-05,dynamic multiplier
exports,foreign GDP,0,0.0,0.0,0.0,0.0,dynamic multiplier
exports,foreign GDP,1,0.0002556734725177051,0.025570615976566735,-0.09716761711122679,0.1918610715836877,dynamic multiplier
exports,foreign GDP,2,0.00014313613672743607,0.014314638119294898,-0.051749194255346076,0.08793573476661987,dynamic multiplier
exports,foreign GDP,3,8.013327873049679e-05,0.008013648948734797,-0.025696610698389133,0.04468753416977389,dynamic multiplier
exports,foreign GDP,4,4.486178338267711e-05,0.004486278968762747,-0.014278470270756571,0.023933214392957147,dynamic multiplier
exports,foreign GDP,5,2.511540324018097e-05,0.0025115718634616258,-0.007966687916927118,0.012773845651636861,dynamic multiplier
exports,foreign GDP,6,1.4060597514285694e-05,0.0014060696365003622,-0.004323471287404068,0.007389763470899702,dynamic multiplier
exports,foreign GDP,7,7.871679405984825e-06,0.000787171038774126,-0.002257772344871345,0.004142750413604901,dynamic multiplier
exports,foreign GDP,8,4.406877915938517e-06,0.0004406887626151601,-0.0012268661492620403,0.002280159735046361,dynamic multiplier
exports,foreign GDP,9,2.4671448066369677e-06,0.0002467147850016005,-0.0006668362166228903,0.0012953203122112456,dynamic multiplier
exports,foreign GDP,10,1.381205382364101e-06,0.0001381206336192875,-0.00037873301086399636,0.0007327757566732984,dynamic multiplier
exports,foreign GDP,11,7.732534803549067e-07,7.732537792293215e-05,-0.00021193990151768816,0.00040793155100526945,dynamic multiplier
exports,foreign GDP,12,4.3289792562027625e-07,4.328980194312493e-05,-0.00012931413201355824,0.0002389547779646506,dynamic multiplier
imports,foreign GDP,0,0.0,0.0,0.0,0.0,dynamic multiplier
imports,foreign GDP,1,0.0003143489013506363,0.03143983141440376,-0.115286750001109,0.23372543719906158,dynamic multiplier
imports,foreign GDP,2,0.0001759849658267858,0.017600045208943094,-0.06488162578832668,0.11088639321319427,dynamic multiplier
imports,foreign GDP,3,9.852335434921434e-05,0.009852820793421202,-0.03387324675566683,0.056348441582354525,dynamic multiplier
imports,foreign GDP,4,5.51572761151363e-05,0.005515879730566553,-0.01894808467177711,0.027644654700553772,dynamic multiplier
imports,foreign GDP,5,3.087922785959881e-05,0.003087970462778422,-0.010631015776108033,0.01552811030391954,dynamic multiplier
imports,foreign GDP,6,1.728741483199087e-05,0.0017287564260115573,-0.0056729730485205465,0.009032402206088364,dynamic multiplier
imports,foreign GDP,7,9.678179549442288e-06,0.0009678226383202926,-0.0029318331329464264,0.005010758411283511,dynamic multiplier
imports,foreign GDP,8,5.4182282487899235e-06,0.0005418242927435202,-0.0016468836456562386,0.0027263569612356875,dynamic multiplier
imports,foreign GDP,9,3.0333387809153427e-06,0.0003033343381586562,-0.000919461818393863,0.0015763432377191577,dynamic multiplier
imports,foreign GDP,10,1.6981831951911368e-06,0.00016981846371333376,-0.0004990244081071182,0.0008803710883853455,dynamic multiplier
imports,foreign GDP,11,9.50710214953088e-07,9.507106668582566e-05,-0.0003004058002242793,0.0005047515401868097,dynamic multiplier
imports,foreign GDP,12,5.322452344220769e-07,5.322453759948331e-05,-0.00016650656750050175,0.0002958258039198469,dynamic multiplier
