outcome,horizon,shock,share
exports,0,REER,0.0011513670572290712
exports,0,exports,0.9988486329427709
exports,0,imports,0.0
exports,1,REER,0.0006144708005011244
exports,1,exports,0.9876289434927854
exports,1,imports,0.011756585706713528
exports,2,REER,0.0004119807412721532
exports,2,exports,0.973048866440393
exports,2,imports,0.026539152818334827
exports,3,REER,0.0003420184876505575
exports,3,exports,0.959923932000107
exports,3,imports,0.03973404951224239
exports,4,REER,0.000323561890657006
exports,4,exports,0.9492167156464881
exports,4,imports,0.05045972246285493
exports,5,REER,0.0003244187179363712
exports,5,exports,0.9407386062953603
exports,5,imports,0.05893697498670346
exports,6,REER,0.00033182625845850174
exports,6,exports,0.9340524618144623
exports,6,imports,0.06561571192707905
exports,7,REER,0.0003407963240641352
exports,7,exports,0.9287421669017392
exports,7,imports,0.07091703677419663
exports,8,REER,0.0003494727782683246
exports,8,exports,0.9244743498784942
exports,8,imports,0.07517617734323756
exports,9,REER,0.0003572571828266671
exports,9,exports,0.9209973756037217
exports,9,imports,0.07864536721345161
exports,10,REER,0.00036404321581895124
exports,10,exports,0.9181252592235047
exports,10,imports,0.08151069756067628
exports,11,REER,0.0003699030261963404
exports,11,exports,0.9157210963038062
exports,11,imports,0.08390900066999749
exports,12,REER,0.0003749604406282013
exports,12,exports,0.9136836692344583
exports,12,imports,0.08594137032491353
imports,0,REER,0.004415611586398895
imports,0,exports,0.6537486148755159
imports,0,imports,0.3418357735380851
imports,1,REER,0.002654579008359626
imports,1,exports,0.768332953204712
imports,1,imports,0.22901246778692852
imports,2,REER,0.002301717442288173
imports,2,exports,0.8306336758682538
imports,2,imports,0.16706460668945816
imports,3,REER,0.0025908035183379334
imports,3,exports,0.8609121351774748
imports,3,imports,0.1364970613041874
imports,4,REER,0.003077847453424946
imports,4,exports,0.874859412649734
imports,4,imports,0.12206273989684105
imports,5,REER,0.0035743948032570944
imports,5,exports,0.8810835404390361
imports,5,imports,0.11534206475770663
imports,6,REER,0.004017318562344015
imports,6,exports,0.8837560446907735
imports,6,imports,0.11222663674688246
imports,7,REER,0.004394043279205629
imports,7,exports,0.8848130379540391
imports,7,imports,0.11079291876675522
imports,8,REER,0.004709558330022279
imports,8,exports,0.8851430947032015
imports,8,imports,0.1101473469667761
imports,9,REER,0.004973460315289926
imports,9,exports,0.8851538936773186
imports,9,imports,0.10987264600739156
imports,10,REER,0.005195332531232507
imports,10,exports,0.8850324908057572
imports,10,imports,0.10977217666301026
imports,11,REER,0.00538336681680479
imports,11,exports,0.8848641435500029
imports,11,imports,0.10975248963319235
imports,12,REER,0.005544167512841453
imports,12,exports,0.8846868794309785
imports,12,imports,0.10976895305618019
