specification,outcome,shock,impact_percent,horizon_1_percent,horizon_4_percent,horizon_8_percent,horizon_12_percent
short_run,exports,REER,0.1902888761140309,0.051591359226588196,-0.09236450316628675,-0.11948561008666703,-0.12209157515449265
short_run,imports,REER,0.3500185777989495,0.027144987456573233,-0.3073422391463909,-0.37028771917274605,-0.3763347198139422
short_run,exports,foreign GDP,0.1191889391852552,0.06673703026049971,0.012248715694385126,0.0019777210877425233,0.0009907285769328311
short_run,imports,foreign GDP,0.2760988304656875,0.15392974152486083,0.027107443454688074,0.003211825056137485,0.0009157440409968132
short_run,exports,TPU,0.41313844460899585,0.32070168239484165,0.2247149933360948,0.2066260315475521,0.20488784461731857
short_run,imports,TPU,0.6156939275878015,0.4003535058147989,0.1770215336326153,0.13496574542115614,0.13092509171783728
restricted,exports,REER,0.18089410178399046,0.040276103089320614,-0.1051363235162639,-0.1323350704419579,-0.1349250774927757
restricted,imports,REER,0.3882681834097568,0.04361464283160199,-0.3120527769434278,-0.37849560778864255,-0.3848212753911562
restricted,exports,TPU,0.5092599999253489,0.4284559766263296,0.34484583436400484,0.3292011560069641,0.3277112928838921
restricted,imports,TPU,0.6700581567933517,0.47201506105616353,0.2673372462400181,0.22906645954003935,0.2254223333409744
restricted,exports,foreign GDP,0.0,0.10904205179862458,0.01868574957069047,0.0017794698353723604,0.00016947433920666555
restricted,imports,foreign GDP,0.0,0.26719127448096014,0.04575669727722165,0.00435694025460176,0.00041494435398803375
