lag,k_ar_diff,coint_rank,portmanteau_lags,portmanteau_p,bg_lags,bg_p,clears_5
1,0,1,4,0.8596641048315203,4,0.2549536978137421,True
2,1,0,4,0.6498491463984877,4,0.008043139160442088,False
3,2,0,4,0.37957385875898586,4,8.111475788699026e-05,False
4,3,0,4,0.5051807781215134,4,2.3358592603195613e-05,False
5,4,0,5,0.029613046222661702,5,3.907575952538612e-08,False
6,5,0,6,0.0010379527545164972,6,3.998095401837675e-06,False
7,6,0,7,0.011323931456688724,7,3.135993919506856e-06,False
8,7,0,8,0.00040827621520360803,8,2.6450066168152293e-06,False
9,8,0,9,4.6754620748235345e-05,9,2.3827428155616572e-07,False
10,9,0,10,1.9936771376553033e-05,10,1.8139337045406192e-07,False
11,10,0,11,7.501701372270137e-07,11,8.684551997290966e-10,False
12,11,0,12,3.2855163458675787e-08,12,1.2494927338648964e-11,False
