percent,percent_low_90,percent_high_90,nobs,shock,horizon
3.0240559699110214,2.175259200057078,3.8799039179283845,104,foreign GDP,0
2.9616185331071687,0.6599806911456119,5.315884407770244,103,foreign GDP,1
4.307922080085014,1.6556929006502852,7.029348757658083,102,foreign GDP,2
4.07099437575611,1.3411251978554306,6.874399205781256,101,foreign GDP,3
3.072121807336803,1.0360971000468844,5.149175381810633,100,foreign GDP,4
3.044559290326476,1.343335465915385,4.774341110065428,99,foreign GDP,5
3.013671471712609,1.363852853241343,4.690342872484821,98,foreign GDP,6
3.3253192259978137,1.8894325390823141,4.781441284985588,97,foreign GDP,7
1.9686876278719012,0.47306873606052235,3.486569957017105,96,foreign GDP,8
0.42732288926570217,-1.2395727404304613,2.12235267266494,95,foreign GDP,9
0.012183325952985768,-1.559985918602247,1.6094614264606566,94,foreign GDP,10
-0.06396326156702381,-1.5635517632739515,1.4584700879044732,93,foreign GDP,11
-0.6240802734644335,-2.167166989444258,0.9433450672874599,92,foreign GDP,12
-0.4991286776430348,-1.5745397786456783,0.5880325237254791,104,TPU,0
0.17404354071823835,-0.45492184620431475,0.806982981057458,103,TPU,1
-0.08619685615783856,-1.4509457964748451,1.2974517041012268,102,TPU,2
-0.2935239216449781,-1.7930858375724834,1.2289354242535078,101,TPU,3
3.044012056338463,1.2728893137166963,4.846109285722555,100,TPU,4
4.857180430404151,1.9580022020526888,7.838796860938979,99,TPU,5
5.303863428189448,-1.1139681675418678,12.138220610274075,98,TPU,6
2.423108554160036,-2.701920863942564,7.8180911591049895,97,TPU,7
2.6889752047285276,-2.58863839255169,8.252522648149196,96,TPU,8
0.8782187340441228,-3.9982082818794007,6.002344673248716,95,TPU,9
3.23642240413069,0.08932006676722892,6.482478886803866,94,TPU,10
4.413854724855493,0.6232286568786494,8.347279291539046,93,TPU,11
8.313049142241224,5.006598986284128,11.723612875243683,92,TPU,12
