nobs,residual_df,aic,bic,hq,specification,lag
36,28,-22.158464701575372,-21.1027854092713,-21.790004353118565,levels,1
35,24,-22.033714889038066,-20.567243859633763,-21.527489295906673,levels,2
34,20,-22.057476747405914,-20.17197256993889,-21.414465823780738,levels,3
33,16,-22.944556555579787,-20.631772142404316,-22.166374969652992,levels,4
32,12,-23.191368034434944,-20.443113216685457,-22.28039931498831,levels,5
31,8,-25.007095606622748,-21.81531763534936,-23.966655573870597,levels,6
30,4,-28.320419298781704,-24.6773061064601,-27.154956087133684,levels,7
35,27,-20.553041602810435,-19.48651721778912,-20.18487753507851,differences,1
34,23,-20.291583618501168,-18.810116050491363,-19.78636074993853,differences,2
33,19,-21.072232131223842,-19.167586143902867,-20.431376707519423,differences,3
32,15,-20.96095601430736,-18.624939419220297,-20.18663260277772,differences,4
31,11,-21.39807396200658,-18.622614856551458,-20.49334349874384,differences,5
30,7,-21.73119878930659,-18.508444811483628,-20.700212102079494,differences,6
29,3,-25.868021612021195,-22.190467310678265,-24.716257485315825,differences,7
