variable,transform,adf_stat,adf_pvalue,adf_rejects_unit_root_5,kpss_stat,kpss_pvalue,kpss_rejects_stationarity_5,reading
log_exports,level,-2.050158990674785,0.5738679203183592,False,0.18957949823769013,0.0199076881608662,True,unit root
log_exports,difference,-8.614932034496931,6.327954492577952e-14,True,0.14976530798932713,0.1,False,stationary
log_imports,level,-3.179068004566413,0.08865392955592338,False,0.1515115031263408,0.04540708072804934,True,unit root
log_imports,difference,-8.886124097243714,1.2788435533826358e-14,True,0.10717588598054001,0.1,False,stationary
log_reer,level,-2.343618456645374,0.4099898604328318,False,0.17478798820173047,0.02601000983189127,True,unit root
log_reer,difference,-8.81683555191469,1.9241364982147392e-14,True,0.09379924724715821,0.1,False,stationary
log_foreign_gdp,level,-1.9894198599470139,0.6071852676330527,False,0.37596462042815326,0.01,True,unit root
log_foreign_gdp,difference,-9.450721505685006,4.624288055623218e-16,True,0.15474715442014522,0.1,False,stationary
log_gdp_us,level,-2.7880399089548003,0.20137194750138027,False,0.22354603246680468,0.01,True,unit root
log_gdp_us,difference,-12.270229598481103,8.674206939411236e-23,True,0.07275653666316836,0.1,False,stationary
log_gdp_china,level,0.6001094223295673,0.9969870741527486,False,0.4056688288703128,0.01,True,unit root
log_gdp_china,difference,-1.2634624086952249,0.6457182048153937,False,1.0647482832981665,0.01,True,unit root
tpu,level,-3.649387937418629,0.004884079224367686,True,0.7323890274004281,0.010600997509051989,True,"conflict: ADF stationary, KPSS unit root"
tpu,difference,-4.725246132205053,7.542791280087557e-05,True,0.02674773571551578,0.1,False,stationary
log_commodity,level,-2.6013490266369437,0.2792720761633988,False,0.24428536342039006,0.01,True,unit root
log_commodity,difference,-6.461239833017067,1.4414853377056935e-08,True,0.07775673802059223,0.1,False,stationary
