episode,equation,estimate,std_error,pvalue,note
GFC,REER,-0.01830537754446915,0.010964807789473924,0.09502499552003174,Shift in the quarterly log-difference while the dummy equals 1.
GFC,exports,-0.12530509843704601,0.030523496022775088,4.0396278967014254e-05,Shift in the quarterly log-difference while the dummy equals 1.
GFC,imports,-0.1239297647260293,0.03010951599530214,3.855599995783443e-05,Shift in the quarterly log-difference while the dummy equals 1.
COVID,REER,-0.012383547682182874,0.011397326202845764,0.2772441549930249,Shift in the quarterly log-difference while the dummy equals 1.
COVID,exports,0.008544172351356188,0.03172752753192804,0.7877000645200847,Shift in the quarterly log-difference while the dummy equals 1.
COVID,imports,-0.0395766760833241,0.03129721762543778,0.20603521293850124,Shift in the quarterly log-difference while the dummy equals 1.
trade war,REER,0.0030916223354467585,0.005212830825353659,0.5531280471905395,Shift in the quarterly log-difference while the dummy equals 1.
trade war,exports,0.02725581234014404,0.01451131875907839,0.060347652609888724,Shift in the quarterly log-difference while the dummy equals 1.
trade war,imports,0.037368922740745214,0.01431450656777273,0.009039329233312854,Shift in the quarterly log-difference while the dummy equals 1.
