specification,normalised_on,name,weight,std_error,pvalue,elasticity
without_commodity,exports,REER,-0.1991882806369617,0.04359266476069864,4.8933888631680975e-06,0.1991882806369617
without_commodity,exports,exports,1.0,0.0,1.0,1.0
without_commodity,exports,imports,-1.3454170196837538,0.13214650956487844,2.404456201624047e-24,1.3454170196837538
without_commodity,exports,constant,2.419851948272853,1.4824828228447906,0.1026169798097783,
without_commodity,exports,foreign GDP,0.45797110167945554,0.13949037066005768,0.0010264543603647727,-0.45797110167945554
without_commodity,exports,alpha REER,-0.017955656073537496,0.03268222575941593,0.5827301082895664,
without_commodity,exports,alpha exports,0.19530213316866646,0.09782620315719363,0.045888287156854,
without_commodity,exports,alpha imports,0.4781810532264451,0.09231646247673228,2.2212081329797684e-07,
without_commodity,imports,REER,0.1480494729312862,0.024697931340392748,2.0422826090202103e-09,-0.1480494729312862
without_commodity,imports,exports,-0.7432639734519296,0.07300319405806387,2.4044562016241504e-24,0.7432639734519296
without_commodity,imports,imports,1.0,0.0,1.0,1.0
without_commodity,imports,constant,-1.7985887742386741,0.9467152034487746,0.057456704261455015,
without_commodity,imports,foreign GDP,-0.34039342076042983,0.07365620202167017,3.811927654835244e-06,0.34039342076042983
without_commodity,imports,alpha REER,0.02415784528092531,0.04397122277786499,0.5827301082895664,
without_commodity,imports,alpha exports,-0.26276281394566686,0.1316170386987289,0.045888287156854,
without_commodity,imports,alpha imports,-0.6433529275011622,0.12420413981319225,2.2212081329797684e-07,
