quarter,index_yoy,nbs_preceding_year,difference_points
2001Q1,109.49999999999999,109.5,-1.4210854715202004e-14
2001Q2,108.60000000000002,108.6,2.842170943040401e-14
2001Q3,108.00000000000001,108.0,1.4210854715202004e-14
2001Q4,107.49999999999999,107.5,-1.4210854715202004e-14
2002Q1,108.89999999999999,109.0,-0.10000000000000853
2002Q2,108.80000000000001,108.9,-0.09999999999999432
2002Q3,109.60000000000001,109.7,-0.09999999999999432
2002Q4,109.1,109.2,-0.10000000000000853
2003Q1,111.09999999999998,111.2,-0.10000000000002274
2003Q2,109.10000000000001,109.2,-0.09999999999999432
2003Q3,110.00000000000003,110.1,-0.0999999999999659
2003Q4,110.00000000000001,110.1,-0.0999999999999801
2004Q1,110.60000000000001,110.6,1.4210854715202004e-14
2004Q2,111.60000000000001,111.6,1.4210854715202004e-14
2004Q3,109.8,109.8,0.0
2004Q4,108.80000000000001,108.8,1.4210854715202004e-14
2005Q1,111.10000000000001,111.2,-0.09999999999999432
2005Q2,111.1,111.1,0.0
2005Q3,110.80000000000001,110.9,-0.09999999999999432
2005Q4,112.40000000000002,112.4,1.4210854715202004e-14
2006Q1,112.5,112.4,0.09999999999999432
2006Q2,113.7,113.6,0.10000000000000853
2006Q3,112.19999999999999,112.2,-1.4210854715202004e-14
2006Q4,112.5,112.5,0.0
2007Q1,113.8,113.6,0.20000000000000284
2007Q2,114.99999999999999,114.9,0.0999999999999801
2007Q3,114.30000000000001,114.2,0.10000000000000853
2007Q4,113.89999999999999,113.9,-1.4210854715202004e-14
2008Q1,111.49999999999999,111.6,-0.10000000000000853
2008Q2,110.89999999999999,111.0,-0.10000000000000853
2008Q3,109.49999999999999,109.5,-1.4210854715202004e-14
2008Q4,107.10000000000001,107.1,1.4210854715202004e-14
2009Q1,106.4,106.4,0.0
2009Q2,108.19999999999999,108.2,-1.4210854715202004e-14
2009Q3,110.6,110.6,0.0
2009Q4,111.9,111.9,0.0
2010Q1,112.19999999999997,112.2,-2.842170943040401e-14
2010Q2,110.8,110.7,0.09999999999999432
2010Q3,109.9,109.9,0.0
2010Q4,109.89999999999999,109.9,-1.4210854715202004e-14
2011Q1,110.2,110.1,0.10000000000000853
2011Q2,110.00000000000001,109.9,0.10000000000000853
2011Q3,109.40000000000002,109.3,0.10000000000002274
2011Q4,108.8,108.7,0.09999999999999432
2012Q1,107.6063926608,108.1,-0.4936073391999969
2012Q2,107.5012055712,107.7,-0.19879442879999942
2012Q3,107.60680596959998,107.5,0.10680596959997501
2012Q4,108.03045481199996,108.1,-0.06954518800003484
2013Q1,108.03045481199997,107.9,0.130454811999968
2013Q2,107.60763502799999,107.6,0.007635027999995714
2013Q3,107.92443866400001,107.9,0.02443866400000161
2013Q4,107.50120557119999,107.7,-0.19879442880001363
2014Q1,107.60690980480001,107.6,0.0069098048000171275
2014Q2,107.7126140384,107.7,0.012614038400002414
2014Q3,107.29103824959999,107.3,-0.008961750400004576
2014Q4,107.39663966519998,107.4,-0.003360334800021292
2015Q1,107.18564430239998,107.1,0.08564430239998444
2015Q2,107.29083139200002,107.1,0.19083139200002108
2015Q3,107.185437648,107.0,0.18543764800000417
2015Q4,107.08004390400004,106.9,0.1800439040000299
2016Q1,107.08004390400002,106.8,0.2800439040000242
2016Q2,106.87008303360001,106.7,0.1700830336000081
2016Q3,106.8700830336,106.7,0.17008303359999388
2016Q4,106.8700830336,106.8,0.07008303359999957
2017Q1,106.97527012319996,107.0,-0.024729876800037687
2017Q2,106.97527012319996,107.0,-0.024729876800037687
2017Q3,106.8700830336,106.9,-0.02991696640000896
2017Q4,106.87008303360001,106.8,0.07008303360001378
2018Q1,106.97516669440003,106.9,0.07516669440002488
2018Q2,106.8700830336,106.9,-0.02991696640000896
2018Q3,106.65970885440001,106.7,-0.04029114559999414
2018Q4,106.4497487976,106.5,-0.05025120240000547
2019Q1,106.2406137312,106.4,-0.15938626880000584
2019Q2,105.9272195904,106.1,-0.1727804095999943
2019Q3,105.92721959039999,106.0,-0.0727804096000142
2019Q4,105.82275487679998,105.9,-0.0772451232000293
2020Q1,93.32400430079997,93.2,0.12400430079996738
2020Q2,102.52755502079998,103.2,-0.6724449792000229
2020Q3,104.5497947648,104.9,-0.3502052352000078
2020Q4,105.9947080192,106.5,-0.5052919807999956
2021Q1,118.88915352599999,118.9,-0.010846474000018702
2021Q2,108.21687762599998,108.1,0.11687762599999019
2021Q3,105.28643993399999,105.5,-0.21356006600001365
2021Q4,104.36377395599997,104.5,-0.13622604400002558
2022Q1,104.2599294048,104.8,-0.5400705951999925
2022Q2,100.6612138928,100.8,-0.13878610719999074
2022Q3,104.06328275200002,104.0,0.06328275200002054
2022Q4,103.04105011200001,103.0,0.041050112000007744
2023Q1,104.477877504,104.7,-0.22212249599999723
2023Q2,107.25257088,106.5,0.7525708799999933
2023Q3,104.98376649599997,105.0,-0.01623350400002721
2023Q4,105.40036874399998,105.3,0.10036874399997942
2024Q1,105.19329532799999,105.3,-0.10670467200000644
