rank,partnerCode,partnerDesc,partnerISO,export_primary_value_usd,import_primary_value_usd,total_primary_value_usd
1,156,China,CHN,659687524278.645,814982061327.855,1474669585606.5
2,702,Singapore,SGP,821760864166.7631,529870758865.54297,1351631623032.3062
3,842,USA,USA,667350394519.514,439235400678.788,1106585795198.302
4,392,Japan,JPN,460906134175.63403,432786487307.105,893692621482.739
5,764,Thailand,THA,266456320859.84302,237268702445.532,503725023305.375
6,410,Rep. of Korea,KOR,192979828299.534,218049013509.012,411028841808.546
7,344,"China, Hong Kong SAR",HKG,311510151288.776,88301247172.763,399811398461.539
8,360,Indonesia,IDN,182568743280.046,215361316539.674,397930059819.72
9,36,Australia,AUS,183812385858.767,110116496169.468,293928882028.235
10,699,India,IND,189257538799.546,98026291988.54,287283830788.086
