quarter,exports_real_sa,imports_real_sa,reer_sa,gdp_us,gdp_china_sa,gdp_singapore,gdp_japan,gdp_eu27,tpu,commodity_sa,log_foreign_gdp,foreign_gdp_index,log_exports,log_imports,log_reer,log_gdp_us,log_gdp_china,log_gdp_singapore,log_gdp_japan,log_gdp_eu27,log_commodity,dummy_gfc,dummy_covid,dummy_trade_war,exports_real_usd_sa,imports_real_usd_sa,log_exports_usd,log_imports_usd
2000Q1,1149583773.3578932,948716742.4584472,112.35495941599446,13878147.0,32.71063875992377,46764.0,497257.5,2530853.3,32.37723684436769,57.52370236235323,11.882354264478792,100.0,20.862665777596323,20.670620831997464,4.721663140211552,16.4458260026899,3.4877003693303905,10.75286895512671,13.116863279558732,14.744067076567315,4.052197077863491,0,0,0,142371462.87830532,116643253.24810424,18.773950135723663,18.574630717194584
2000Q2,1178658770.5503068,961570734.5242487,113.33493205788257,14130908.0,33.47066580042409,47666.1,500300.8,2557171.4,37.32516145334657,59.2559089935464,11.89816759286021,101.59390207227597,20.887642993837513,20.684078687135095,4.730347435235685,16.46387501303488,3.5106694074790457,10.771975732391383,13.122964796515594,14.754412283704548,4.081865504891434,0,0,0,145373158.19368422,121976642.05605675,18.794814499375875,18.61934012581009
2000Q3,1164247982.4581797,979494218.7292781,116.0330505054938,14145312.0,35.207157940170234,49242.2,500074.2,2572894.3,31.52960320607463,61.654855450726,11.916424824835827,103.46576099628886,20.875341206914097,20.70254689306425,4.753875068675705,16.4648938197386,3.5612494125041443,10.804506258422972,13.122511766394139,14.760542009969221,4.121551984833913,0,0,0,142670809.19988424,119191016.91898575,18.776050500904198,18.596237948337805
2000Q4,1158195404.5538616,982136549.1801476,116.9853568162043,14229765.0,36.52360366473693,49548.7,505257.0,2587036.5,27.40089206194314,63.86490858278117,11.928461851827851,104.718706897726,20.870128944999742,20.70524090877017,4.762048771548106,16.470846455523485,3.5979587273300035,10.810711303288835,13.132822489697356,14.766023570075207,4.156770049080284,0,0,0,141427284.29758912,118913819.43770912,18.767296251070047,18.593909582305862
2001Q1,1136465769.902603,991194910.97968,119.15427383775757,14183120.0,35.81814944211652,49193.9,508213.1,2611831.7,23.90426173219079,61.5078178623012,11.925091165230759,104.366327170364,20.851189081931846,20.714421754064734,4.7804190722909485,16.467563083074346,3.5784547325988547,10.803524911053943,13.138656126789023,14.77556233391816,4.119164286445661,0,0,0,138001518.05009642,118404710.33886681,18.742775243423992,18.589619062890304
2001Q2,1052219353.7077245,845808692.9276749,121.29564726203263,14271694.0,36.34914305926056,47929.5,504356.6,2613524.9,30.75592744469702,59.3417936227326,11.921238108830252,103.96497154493869,20.77416744065552,20.555803760707796,4.798230931233877,16.473788692989114,3.5931706289907894,10.77748646021944,13.13103883654785,14.776210404543335,4.083313840606288,0,0,0,127339172.01624587,105481575.4338073,18.662364730382226,18.474046855191133
2001Q3,930795638.9097131,738279819.0228655,121.29554551250041,14214516.0,38.02373057538386,46878.8,498418.7,2619703.4,28.90472777833688,55.50685038568717,11.920829575188002,103.92250703112882,20.651550304067417,20.419833469269868,4.798230092377931,16.4697742539473,3.638210453640273,10.755320826653653,13.119195765815727,14.778571663222115,4.016506443508229,0,0,0,112554657.46390183,89728313.19224021,18.538949505748278,18.31229692039299
2001Q4,988021570.0042694,860324112.9799864,121.85565022650466,14253574.0,39.2628739395922,47181.2,497330.5,2620350.7,30.66379664625423,48.94490042478853,11.92833484738168,104.70540800088015,20.711215087461955,20.572819751770197,4.802837149340869,16.472518240249656,3.6702793889096292,10.761750787144361,13.117010074010567,14.778818721741336,3.890695184280607,0,0,0,120484175.78500319,103774890.9830456,18.60702898098531,18.457734601390136
2002Q1,1057735326.2984166,930229543.688,125.45582405076276,14372785.0,39.00596474246489,48589.8,498592.6,2627040.8,39.15348517850938,50.77936141166793,11.937478567185451,105.66719536963225,20.77939597490705,20.650941934826136,4.831953697009923,16.480847045818553,3.663714576549678,10.791168911318211,13.1195446084051,14.781368599571053,3.927490000609982,0,0,0,128349324.3881785,109899762.60015948,18.670266201443482,18.51507925922738
2002Q2,1075682129.478562,912693510.9387023,121.5469424458626,14460848.0,39.547867648475496,50000.0,502170.2,2640774.1,39.15331952426894,55.58062930636547,11.95068677722325,107.07212777639516,20.79622083634108,20.63191068772008,4.800300545742848,16.48695541751202,3.6775117774245403,10.819778284410283,13.126694385036197,14.786582651838975,4.017834746782922,0,0,0,130698361.66844648,113897042.73089886,18.68840264346192,18.550805464348116
2002Q3,1069141322.0447068,890264290.7882296,118.93111652402204,14519633.0,41.67400871062071,50040.6,503715.2,2650929.5,34.26853907387859,57.3719009743755,11.962101908747275,108.30137284653615,20.79012166048055,20.607028932549603,4.778544472772292,16.4910122915594,3.7298776421660964,10.820589954916636,13.129766307970911,14.79042089117933,4.049554653403416,0,0,0,130005811.92545365,109859668.6791872,18.6830897145394,18.51471437002846
2002Q4,1108281745.9834838,914773925.1215371,119.06633926583683,14537580.0,42.835795468095085,49966.3,504891.6,2657131.3,29.70782316975341,59.82223474584603,11.967580553077484,108.89634588346082,20.82607667632556,20.634187516341495,4.779680810603439,16.492247578803372,3.757374095760563,10.81910405717017,13.132099031750798,14.792757640156292,4.091377410341629,0,0,0,134986575.22067383,110344024.65687335,18.720685888648116,18.51911354019206
2003Q1,1131292540.2637613,930500976.4684001,117.38290098035542,14614141.0,43.33562682887849,50602.0,504312.1,2652739.7,26.70765763722525,67.05322527485598,11.973553965054784,109.54877529509743,20.84662665692442,20.651233683447856,4.76544124925958,16.497500179569226,3.768975087207171,10.831746380186138,13.130950601431545,14.791103512965128,4.205486711104071,0,0,0,137465976.52205715,109586199.94334462,18.738887000975765,18.512222011624804
2003Q2,1157148569.4735749,875259441.4434463,114.44714851214921,14743567.0,43.146723604486766,49921.5,508472.7,2655761.2,25.9027178456028,63.1123251296922,11.972995871147926,109.48765384844148,20.869224686139408,20.59003090487991,4.740113131384391,16.506317410022092,3.764606484275474,10.818207050668798,13.139166805713902,14.792241875897794,4.14491607740983,0,0,0,139968856.60969782,108112850.35341349,18.756930503039413,18.498686150229076
2003Q3,1169034008.4191706,907139684.1425718,114.18200412232483,14988782.0,45.84140958168279,52758.6,509947.7,2672451.7,30.93163776674597,64.07749818924297,12.002962018793161,112.8182300926661,20.879443610902978,20.62580700299399,4.737793702688299,16.522812612608035,3.8251878219704216,10.873482071225204,13.142063450422391,14.79850684875263,4.160093260007355,0,0,0,139363706.6151491,110284184.24879967,18.752597668125418,18.51857108544579
2003Q4,1292570824.713827,1065905223.4911692,111.36674737538287,15162760.0,47.1193750149046,54270.4,515104.7,2690989.5,42.74259576341935,68.45108593782203,12.020502166920078,114.81453512172786,20.979898959529386,20.787090250192595,4.712828785405947,16.534352979655438,3.8526842755648882,10.901734237584922,13.152125459953906,14.805419527806224,4.226119416295569,0,0,0,152659862.4770263,124590319.58052959,18.84372288348935,18.64054146932938
2004Q1,1330540249.5811741,1124728663.184124,109.9682085653083,15248680.0,47.92920327273961,55875.5,519508.9,2708550.5,31.13393789492091,73.84937239625776,12.03475748145248,116.4629740249128,21.008850899394705,20.840807655231444,4.700191310977447,16.54000349989434,3.869724990307314,10.930881280421692,13.160639221232225,14.811924178912736,4.302027510583224,0,0,0,158460525.6970773,131838019.23829523,18.881016071033905,18.697084600031197
2004Q2,1402561840.9072194,1159021908.7342224,109.90218049322445,15366850.0,48.151743542607235,56744.0,519133.4,2726851.9,27.44028497928177,78.21565659451687,12.042275066169205,117.34179345947973,21.061566287727523,20.870842304261018,4.69959070191543,16.547723149813283,3.8743573482345934,10.946305202881923,13.159916161876065,14.818658351588741,4.359469839717574,0,0,0,166032708.73201025,138637428.6432858,18.927695367465155,18.747372656195054
2004Q3,1466476680.962053,1187790897.5546858,109.37581540637284,15512619.0,50.33386772068771,57157.0,522010.2,2733833.2,30.55272431800247,80.4184622049868,12.055387835331892,118.89060170033365,21.10612854510435,20.895361030235552,4.694789799793969,16.557164379698452,3.9186781650577607,10.953557146411734,13.165442406903754,14.821215284895,4.38724377923938,0,0,0,173627310.9763799,142408245.9106141,18.972421669109337,18.774208461941285
2004Q4,1445808092.0193436,1224386453.431636,107.74576260306198,15670880.0,51.26588001621621,58475.2,520019.6,2747478.4,30.1739337649923,84.3036206590336,12.066898139686398,120.26697475121526,21.091934235429555,20.92570570113215,4.6797744020208825,16.567314771019586,3.937025423998639,10.976358011711602,13.161621782154965,14.826194103536562,4.434424813777475,0,0,0,171171675.15367463,143494457.86311373,18.95817755911502,18.781806971255165
2005Q1,1492180034.6762924,1204384199.634735,106.9306660929951,15844727.0,53.24934483601371,58907.9,523239.4,2755520.1,23.53633129706395,89.17251796008323,12.079477210058155,121.78937661563609,21.12350399812146,20.909234235617262,4.672180643992548,16.578347321548822,3.9749855009648067,10.983730486282312,13.167794382100183,14.829116766780727,4.490572897497165,0,0,0,175560921.0029403,140873264.03072846,18.983496668857015,18.763371207485047
2005Q2,1526169186.9696565,1227028693.3450499,107.6350421495227,15922782.0,53.496587075836636,60391.4,528269.5,2774453.1,34.49307368363176,93.8171205384366,12.090557545505238,123.146347726629,21.146026633236925,20.92786138736105,4.678746265243144,16.583261471857448,3.9796178588920865,11.008601989679367,13.177361849136787,14.835964204658563,4.541347361088848,0,0,0,180008872.04042917,145136279.28983536,19.00851669675331,18.793183716166915
2005Q3,1512948474.6620777,1239365348.9804587,110.09606448630355,16047587.0,55.76992543452199,61871.1,533030.0,2795539.6,26.57304630647297,102.9975235537496,12.10857922154991,125.38576977096778,21.1373262160915,20.93786527020284,4.701353298187895,16.591069053558577,4.021234753382853,11.032808467581468,13.186332986742267,14.84353570497183,4.634704944773115,0,0,0,180954181.46669415,148868820.9607859,19.0137544161165,18.818576079897017
2005Q4,1572083915.272948,1261912206.4067297,112.13946759419997,16136734.0,57.622849138227025,63863.9,534526.5,2816446.1,31.50242315841783,104.7237483145682,12.125345512615185,127.50574649406039,21.175667910745588,20.955894031614417,4.719743342995653,16.596608845930653,4.0539191754701385,11.064509535497026,13.189136587264073,14.850986399906732,4.651325914644872,0,0,0,188115691.4281112,150361064.08788377,19.052567711462395,18.828550053569792
2006Q1,1599067200.3065622,1302671665.2300453,112.15556394566367,16353835.0,59.90551294051543,64987.4,534942.9,2845217.2,24.09044588865559,106.9449840316,12.141457872997819,129.57680504821442,21.192686296373278,20.987683119629096,4.71988687137772,16.609972984378366,4.092768536621191,11.081948683933334,13.189915291210239,14.86114996709245,4.672314534303277,0,0,0,189902093.2386598,156185936.76550862,19.06201919856884,18.866557757805133
2006Q2,1612933407.4192286,1314592051.9857213,112.6776644210467,16396151.0,60.82561950522626,65714.2,536427.1,2880091.6,26.82289789141396,117.48823021260992,12.15005387973901,130.69544918601875,21.201320350314255,20.99679222781908,4.724531215255607,16.612557170127264,4.108011073660485,11.093070315061288,13.192685951111976,14.873332657161898,4.766338160163705,0,0,0,199357079.53305587,160897664.8595469,19.110608144243862,18.896279098865048
2006Q3,1654113202.9695172,1339888856.1975596,112.76648400019486,16420738.0,62.57385633753366,66961.6,536354.3,2896170.0,26.22646074529716,118.6670162873273,12.161021181145497,132.13671451889607,21.226530873146327,21.01585250433311,4.725319167254943,16.614055606167344,4.136347560483357,11.111874599740483,13.192550229146416,14.878899732422328,4.776321388421103,0,0,0,205378632.95134315,165958976.01210287,19.140365823520543,18.92725118332135
2006Q4,1609461166.931697,1303569110.727672,113.30276937746532,16561866.0,64.8257052805054,69557.6,543556.6,2926783.4,25.55573273368429,113.1916081096886,12.182901315552012,135.0597451304885,21.19916528100088,20.98837180928615,4.730063610607837,16.622613381732762,4.171702211126522,11.149910465285297,13.205889119955632,14.889414562252544,4.729082029714435,0,0,0,203221127.85026413,165591812.19242808,19.129805243904574,18.925036355410636
2007Q1,1553428133.6346014,1333700186.2599947,115.77133462729687,16611690.0,68.17247372630655,70566.9,547462.6,2950594.7,25.5880362129209,115.80606011716408,12.198606950557057,137.1976891289325,21.163730024790453,21.011223011249204,4.751616992416687,16.625617222349895,4.222040872325329,11.164316475015275,13.213049427837241,14.897517301219159,4.751916896387589,0,0,0,193933046.6837792,169678053.83894244,19.08302353727322,18.949413398558875
2007Q2,1629271466.0123408,1332010289.5714238,115.36731581471483,16713314.0,69.94946243101019,72209.6,548320.4,2970436.3,31.47451097108992,126.75191066261172,12.211740755971238,139.0115019404823,21.211398798484993,21.00995513393824,4.748121088782393,16.631716205264574,4.247773016035644,11.18732828003091,13.214615066609191,14.90421940234669,4.8422317166189135,0,0,0,212270409.44763893,168156638.00388348,19.173371536118935,18.94040647205221
2007Q3,1654011581.2949119,1354593985.419691,114.36176156426532,16809587.0,71.52191779380098,74131.0,544725.1,2983839.6,22.18053998282,128.9698988902802,12.223232063095296,140.6181393050685,21.226469435515483,21.026767604619828,4.739366771010409,16.63745993637388,4.270003945296031,11.213589077374968,13.208036542721333,14.908721485509819,4.859579035197394,0,0,0,217649926.14942792,178663570.81497622,19.19839848665367,19.001015102688726
2007Q4,1696592211.2509449,1393228226.7068458,113.5534420452486,16915191.0,73.83647831449565,74448.5,547804.2,3002319.0,25.02436365046709,144.9325126469172,12.233309598657605,142.04238800962386,21.25188749452868,21.054889356591712,4.732273581128232,16.643722651886076,4.301852895591567,11.217862890159019,13.213673202813487,14.914895548021757,4.976268204053142,0,0,0,226726922.85328132,188714110.94246638,19.239256868255573,19.05574378731221
2008Q1,1649299192.5631692,1385880372.7389412,113.98562059100911,16843003.0,76.0123082048318,76342.4,548936.8,3021809.8,26.24565297561617,162.3161961266067,12.245208494196529,143.74263099296186,21.22361630285491,21.049601422833934,4.7360723052722,16.639445876296044,4.330895277237412,11.242983764107379,13.21573859546795,14.921366481382758,5.0895462608332025,0,0,0,221286876.54431608,188341127.4547981,19.21497050161043,19.053765384302025
2008Q2,1854583046.5290563,1386136935.9238448,113.76780363896756,16943291.0,77.5739538359903,74425.3,546331.7,3009773.4,30.59643635839545,189.07656426024496,12.24213967718282,143.3021873275439,21.34092573498001,21.04978653220164,4.734159561091193,16.64538250222736,4.351231724403874,11.217551216779448,13.210981579425566,14.917375351499171,5.242152034934077,0,0,0,258608581.87198728,188108937.75386095,19.370826209644616,19.0525318091119
2008Q3,1832142137.3827913,1392311514.0803814,117.08438325081839,16854295.0,78.31649998421207,73949.1,540259.1,2994571.2,29.50669139834588,181.83504510483016,12.23815846961151,142.73280573957345,21.328751686096357,21.054231162672497,4.762894899206416,16.640116078424576,4.3607583085644945,11.211132297679491,13.199804118280952,14.912311607328348,5.203099930519441,0,0,0,256400465.53572363,195827003.02723584,19.362251098671088,19.09274218982471
2008Q4,1457314206.350956,1153878291.973679,113.92612926481618,16485350.0,79.07886827482484,72247.5,527418.3,2943142.1,30.63700514824956,117.0117521469564,12.221732367870846,140.40741300518965,21.09986099386165,20.86639453324305,4.735550249453825,16.61798266568509,4.370445687057178,11.187853003299889,13.17574925082039,14.894988310113852,4.762274375453907,1,0,0,191476993.2296446,154048762.75179252,19.070278219574632,18.85277975150305
2009Q1,1218417647.2123923,966873860.4275591,111.66314902805165,16298262.0,80.87709592994104,70353.2,504014.1,2857023.1,27.88893702837862,102.1020860714186,12.203397318798409,137.85649327912958,20.920818843363836,20.689578600676878,4.715486741419454,16.60656903432519,4.392930668156864,11.161283548359497,13.130359522852656,14.865290766584494,4.625973156611442,1,0,0,150819317.79943034,122025312.98607934,18.831593107451994,18.619739064668263
2009Q2,1353195263.3883972,1042925137.0889751,111.38904248564215,16269145.0,83.9350180505415,73328.5,509676.2,2856598.5,21.82107940103185,111.7274141121775,12.22189779121943,140.43064159083718,21.02573449456053,20.76529523386835,4.713028960767025,16.604780927107562,4.430042904828164,11.20270462540338,13.141530901104124,14.865142139310759,4.716062102213529,1,0,0,174804540.07992283,129510127.15151119,18.979178993845686,18.679269637988426
2009Q3,1487272064.8411736,1172301505.0440998,111.07112627239854,16326281.0,86.61804898253855,76172.4,506382.5,2867576.1,30.32166718338617,119.4165874092153,12.237385481739633,142.6225176429897,21.120209449922353,20.882234751879924,4.710170773331079,16.6082866986547,4.461508211664638,11.240754471338352,13.135047591553047,14.868977666430377,4.782618114334846,0,0,0,195269289.96823424,154871749.5253807,19.0898901380562,18.858107909963753
2009Q4,1575254884.7180827,1239838543.6507907,110.92429873067607,16502754.0,88.489253599529,77291.0,514486.4,2880829.2,29.12462903130773,130.7345260798502,12.250818982999064,144.5513639868858,21.177682927697727,20.93824700135249,4.708847975231701,16.619037834033946,4.482881116386967,11.255332798301602,13.150924400476358,14.873588727338745,4.873168748559785,0,0,0,212449732.00585085,169924228.53552172,19.174215963078552,18.950863181157374
2010Q1,1596310814.9644022,1268002517.6076505,112.15785118408496,16582710.0,90.74410163339383,81783.9,520846.3,2890996.5,23.96493920474747,139.3087529541496,12.273422080438056,147.8558779895262,21.190961063231743,20.960708678454466,4.719907264615637,16.623871144254622,4.508043475257368,11.31183568170305,13.163210267614684,14.877111810343997,4.936692714089163,0,0,0,215571201.68228397,171425195.99112326,19.188801815175253,18.95965755443942
2010Q2,1590971046.1191626,1325880244.6666937,118.37471662244091,16743162.0,92.99999999999999,86694.3,528053.6,2920288.2,24.76039631390224,142.4987597811936,12.298836225181448,151.6616642376987,21.18761038759414,21.005342411408893,4.773855157606363,16.633500494077232,4.532599493153255,11.370143416662769,13.1769530726876,14.887192868004211,4.9593332963809615,0,0,0,223513622.43109754,183352073.58505896,19.224982920635203,19.026918761853484
2010Q3,1602092954.0714228,1344644665.095988,120.87865559171466,16872266.0,95.19323583180987,84280.9,537190.4,2934101.8,29.99312529007716,141.2956184325396,12.301229126118338,152.0250101281284,21.194576707674198,21.019395625576305,4.794787196060434,16.641181766782235,4.555908887086122,11.341910546551189,13.194107873032227,14.891911933743,4.950854280239698,0,0,0,234042873.1855803,197365090.96816114,19.271014875281267,19.100565825191964
2010Q4,1601511043.184363,1354752333.5747154,117.37518785884289,16960864.0,97.24968970588236,87552.2,532542.5,2951405.3,31.23859566421777,158.473290058248,12.31533023301925,154.1839167609837,21.194213422515386,21.026884494922182,4.76537553802847,16.646419130426686,4.577281791808451,11.379990465896283,13.185417985587465,14.89779198776782,5.0655860621340905,0,0,0,237922595.87235638,202828562.1323643,19.287455951310765,19.127871658681418
2011Q1,1645019901.1508596,1381063077.8256705,118.26085543492219,16920632.0,100.0,89202.8,524868.0,2980772.2,28.37964500694276,178.6456662582515,12.323524440199805,155.4525222284766,21.221018319054615,21.04611938580163,4.772892823876773,16.644044263690635,4.605170185988092,11.39866770820997,13.17090208138887,14.90769295243063,5.185404325895034,0,0,0,247854445.97032169,207332208.819081,19.32835222041934,19.149832938318454
2011Q2,1682101255.2676928,1374863934.0008585,117.21861484732052,17035114.0,102.3,88982.1,521537.2,2984274.7,27.43007593463602,188.70055572333328,12.327492896506193,156.07065447483527,21.243309596012068,21.041620606078084,4.764040694286097,16.6507873011593,4.627909672957581,11.39619050489071,13.16453588357306,14.908867293709495,5.240161397379883,0,0,0,254436013.26552236,207313134.59258097,19.354559940989656,19.149740935710362
2011Q3,1715002678.0730724,1392803129.7238147,117.53471506997982,17031313.0,104.1414,91290.6,534079.5,2986542.8,27.54620059322588,183.9310423699784,12.341314108515594,158.24271576199774,21.262680479121737,21.054584193489116,4.7667337373523075,16.65056414890352,4.645749591085912,11.421803103998915,13.188299983265834,14.90962702220868,5.214560917636882,0,0,0,261129232.16286775,211448428.98222226,19.38052598513089,19.169491692118697
2011Q4,1706273080.728622,1410709450.7137372,114.78301185239319,17222583.0,105.80766240000001,91868.4,534233.8,2976035.6,34.7051461596445,175.0280449712899,12.34771819139626,159.25936711416264,21.25757734397301,21.06735857133025,4.743043492555439,16.661732045714984,4.661622940242202,11.428112397200062,13.1885888498391,14.906102637229163,5.164946218062536,0,0,0,249584174.18915817,208702461.00241598,19.335306787758512,19.156420164035477
2012Q1,1694801077.2832532,1434449647.9052777,116.77521300587578,17367010.0,107.6063926608,93564.1,542249.7,2972872.7,26.89637637123219,181.33864142931432,12.359639187847385,161.16925875219565,21.250831212356818,21.08404709197165,4.760250830457378,16.67008298753377,4.678480057308625,11.44640204188417,13.203481875438621,14.90503928236184,5.200366230347529,0,0,0,252441974.45210376,213388951.47552642,19.346691976120585,19.178627121712456
2012Q2,1706029122.9082785,1479148688.5400658,115.69488889574662,17444525.0,109.9737332993376,94389.2,537319.1,2963369.5,23.75509877264099,171.8288978328301,12.364565573971385,161.96519969860253,21.25743435674257,21.11473254877954,4.750956457733343,16.674536403800097,4.700241549090138,11.455181938808977,13.19434742419602,14.90183752347191,5.146499201649716,0,0,0,250143463.96529424,214464979.31240842,19.33754516709539,19.183657016394083
2012Q3,1647840045.0941367,1463302319.3351538,116.96366018115057,17469650.0,112.063234232025,93471.5,535248.1,2959155.6,24.3500869290501,170.2908683929902,12.364770721022065,161.99842979004464,21.22273120370737,21.103961581064578,4.761863289810295,16.675975647564957,4.719063303330725,11.44541185597768,13.190485656702519,14.900414515332669,5.137507965520433,0,0,0,242379676.73903295,214551923.50358284,19.306015966808836,19.184062334654477
2012Q4,1638509122.7114673,1403003541.7602496,117.19617017652071,17489852.0,114.3044989166655,95913.3,534935.8,2946234.1,27.08376073798031,170.0913578415082,12.374215320160042,163.53568798712112,21.217052593809015,21.061881162482827,4.763849198934247,16.677131384980708,4.738865930626905,11.471199937386883,13.189902018677568,14.896038336527207,5.136335691770791,0,0,0,244749118.25815934,213172275.26236865,19.31574423674597,19.17761120081664
2013Q1,1639965271.702006,1498071211.7058568,116.94136513445193,17662400.0,116.2476753982488,96815.5,541593.3,2939567.2,27.77752124434428,173.5839102216663,12.383561511328661,165.07128862043763,21.21794090276685,21.127444258765927,4.76167265648178,16.686948644246225,4.755723047693328,11.480562384413137,13.20227062975036,14.893772917593925,5.156661114875992,0,0,0,242927990.21898153,222362827.4387431,19.30827562084107,19.21982096355938
2013Q2,1591393979.3641322,1505167934.598619,118.45341514084765,17709671.0,118.34013355541728,98765.1,547322.4,2959094.0,23.93689591041815,166.2010042248479,12.395289383327457,167.0186202721305,21.187876185668262,21.132170313373077,4.774519762108518,16.689621432511363,4.773562965821658,11.500499582466018,13.212793304487422,14.900393698366788,5.11319792467053,0,0,0,236803301.89039186,220096589.53494975,19.282740404670797,19.20957705130599
2013Q3,1728225215.3026009,1533136099.56785,116.15768365935854,17860450.0,120.94361649363647,99443.9,552545.6,2968761.6,23.4836970736689,167.5007728031421,12.404964609070538,168.64240570501312,21.270360831765423,21.15058121278309,4.754948609928614,16.698099329063858,4.795324457603171,11.50734894504545,13.222291242904959,14.903655454125875,5.12098796500458,0,0,0,246227168.33401218,218340772.36312562,19.321765116292614,19.20156757624316
2013Q4,1744063576.4165897,1511078903.5717547,115.4287481720596,18016147.0,122.87871435753465,100368.5,551767.3,2976972.4,26.95959153526092,165.3664218525246,12.412301483281036,169.88426393028428,21.279483616136066,21.136089738312247,4.748653440658195,16.70677896930212,4.811197806759462,11.51660369199158,13.220881678407677,14.90641736887667,5.108163750205574,0,0,0,252062759.5458791,221729068.7006654,19.345188660285917,19.21696678327002
2014Q1,1762955599.543531,1528877271.4447937,114.32362460519882,17953974.0,125.09053121597027,101132.7,557274.3,2992155.7,25.64706725173153,167.8314030214237,12.41910802201225,171.04453197775285,21.290257555441222,21.147799493467563,4.739033238902748,16.70332204115246,4.829037724887793,11.52418879484893,13.230812857296012,14.911504655492589,5.122959922062442,0,0,0,250662054.83057755,217939233.35788935,19.339616194794484,19.19972683583173
2014Q2,1778025511.5465152,1598406240.371693,113.8363323710075,18185911.0,127.4672513090737,102156.7,549527.7,3001160.7,22.95716550731611,168.8447505951705,12.42598323698694,172.22455170183292,21.298769322386544,21.192272869987388,4.7347617358610545,16.71615773138161,4.84785947912838,11.534263187913744,13.216814461018448,14.91450967180588,5.1289796571873305,0,0,0,252334451.43992808,223010827.18558213,19.346265953793523,19.222730880647475
2014Q3,1697182876.9995155,1517735772.1339839,120.33654816358121,18406941.0,129.76166183263703,103078.7,550596.5,3017098.5,20.77502084896319,159.423323654757,12.43538332521065,173.85111060360512,21.252235582271197,21.140485437616256,4.790292385348745,16.728238379707392,4.865699397256711,11.543248053122941,13.21875751496866,14.919806165934405,5.071563077200198,0,0,0,248204562.23730808,223285964.6532063,19.3297638118604,19.22396386061736
2014Q4,1679395925.6545248,1524318396.8372982,116.97544297961699,18500031.0,131.96761008379184,104638.5,553760.6,3029466.6,24.91485144654604,136.9377645927007,12.44498079738364,175.527674317452,21.2416999976387,21.144813194198996,4.761964023704861,16.733282965722825,4.882556514323134,11.558266831725895,13.224487742370462,14.923897122384801,4.919526549568885,0,0,0,237013769.45280406,217531642.9842089,19.283628796368706,19.197854882895967
2015Q1,1692253385.9565034,1532559443.6305156,111.50747506171552,18666621.0,134.07909184513252,104258.1,562436.2,3055648.3,24.22620219567158,114.84102240633132,12.453014485638786,176.94348842291518,21.24932684221168,21.150205013688296,4.714091629565279,16.74224751359975,4.898429863479424,11.554624834484454,13.240032984405703,14.932502337567218,4.743548758089681,0,0,0,221838251.0373101,200192100.48629504,19.21745907534832,19.114787965956488
2015Q2,1684436392.6629865,1498847754.01608,109.47200140387203,18782243.0,136.7606736820352,105500.5,563038.1,3072099.1,36.43682655666854,116.1337599493995,12.4619819040567,178.53735045299126,21.24469685973165,21.12796248587616,4.695668821619223,16.748422460182287,4.918232490775604,11.56647097122352,13.241102578011498,14.937871631843969,4.754742629805783,0,0,0,214605811.2721873,188542516.48335615,19.184313467347756,19.054834091055234
2015Q3,1743841993.3385994,1511354782.5415132,106.42222819955536,18857418.0,139.0856051346298,106784.4,563853.2,3085066.4,30.38276580297405,104.5182767384578,12.469869792599603,179.95120199513048,21.279356558178872,21.136272292504778,4.6674144667385,16.752416922297975,4.935089607842027,11.578567127423618,13.242549212912575,14.942083738590808,4.6493619531309,0,0,0,205043331.10220858,179926951.6085201,19.138731885997217,19.008061502088367
2015Q4,1768997974.520783,1528386448.9563744,99.97173232339682,18892206.0,141.31097481678387,106757.1,562738.4,3100676.0,38.5981555073203,96.20464583407076,12.473488572178638,180.60358543412266,21.29367910713798,21.147478407334653,4.604887469261452,16.754260014025082,4.950962956998318,11.578311439417785,13.240570145495665,14.947130710198893,4.566477649999027,0,0,0,200331975.49521145,175044108.7048865,19.115486425914284,18.980548549870797
2016Q1,1672145598.761236,1488105742.4622967,102.29653405802077,19001690.0,143.57195041385242,107974.4,567473.2,3115526.6,40.85604174218805,88.60838533129603,12.482720851886207,182.2786888646434,21.23737342841645,21.120769834315148,4.627875792207885,16.760038480543553,4.966836306154607,11.5896494409716,13.248948802552972,14.95190874888535,4.484226495698128,0,0,0,193817703.33247256,169616076.9205444,19.082428601713694,18.949048069993076
2016Q2,1680663834.2711446,1509761434.6479964,102.75801212337241,19062709.0,146.15624552130177,109286.0,565645.5,3124525.2,59.65434727859314,100.42844405745312,12.48955958922795,183.52951710877164,21.242454691761655,21.135217484992122,4.6323768272061105,16.763244576206226,4.984676224282938,11.601723578129027,13.245722835873485,14.954792893609195,4.609445474478831,0,0,0,197289868.5985628,176511354.96811056,19.100184619439013,18.98889576636522
2016Q3,1682082656.819986,1486293611.916721,105.73507382877608,19197938.0,148.64090169516388,110361.6,567024.1,3140296.5,44.6747055924811,103.0411017330798,12.497879488130753,185.062833812012,21.24329853927546,21.119551349132845,4.6609366621372015,16.77031343539733,5.0015333413493615,11.611517526232651,13.248157086215773,14.959827780178104,4.635127954584205,0,0,0,199520943.78964975,178489594.09472257,19.111429770185783,19.000040861096558
2016Q4,1794594077.513306,1580924679.3586967,100.5556546091035,19304352.0,151.0191561222865,112311.3,566996.2,3166110.0,89.19846878559215,107.9220688781708,12.507735667023773,186.89586470972245,21.308044692651887,21.181275752899527,4.610711351426129,16.77584112068354,5.017406690505651,11.629029758994712,13.248107880747396,14.968014262976196,4.681409382195464,0,0,0,202582635.929485,179338142.74766377,19.12665843993354,19.004783647393868
2017Q1,1948753868.0860467,1817871982.8274996,99.8398211072184,19398343.0,153.58648177636533,112842.8,571103.5,3192973.7,126.5685996220967,114.28625847832268,12.515652845065922,188.38142551086565,21.390455963240537,21.320932413735818,4.603567112824825,16.780698208014577,5.034263807572074,11.633750978703855,13.255325733158076,14.976463234895068,4.7387063402866,0,0,0,213360720.04565576,196215132.96846566,19.1784948126245,19.094722232439523
2017Q2,1936758360.1450794,1691301998.6625779,99.2735495308247,19506949.0,156.35103844833992,113231.2,572893.0,3217248.4,70.55454152790239,108.5600881557836,12.52272549260933,189.71850370498726,21.384281464051494,21.248764482675128,4.597879166291841,16.786281319027555,5.052103725700405,11.637187025150011,13.258454241784756,14.984037018036648,4.6873038275729275,0,0,0,215343148.88913622,189642878.9333779,19.187743355116375,19.060653276927983
2017Q3,1982131030.6257231,1734877308.2643137,101.48018898448372,19660766.0,158.85265506351337,115917.7,579628.8,3241898.6,57.36905889379186,111.1113928469447,12.536574080887572,192.36411385252734,21.40743838097463,21.27420253214696,4.619863597012396,16.794135634284405,5.067977074856695,11.660635735527881,13.270143177635179,14.991669703799111,4.710533237265206,0,0,0,227821215.12623802,200233770.97054163,19.244071735133684,19.114996096786026
2017Q4,1954096753.0240004,1753845509.0285897,103.16085321454662,19882352.0,161.3942975445296,117031.9,580374.8,3268354.9,46.17301411962775,119.3448976125356,12.545938579794143,194.17396835052506,21.39319390470656,21.285076647786063,4.63628945176749,16.805343062053797,5.083850424012986,11.670201826190402,13.271429380717382,14.999797327596848,4.782017600404992,0,0,0,232678843.73402017,208120758.99045464,19.26516970765471,19.153629041268324
2018Q1,2032954999.2989676,1785700816.6263015,105.71394851777103,20044077.0,164.29939490033112,117663.4,579482.1,3274339.2,130.2666620566164,126.9641795783788,12.552318212155075,195.4166867109451,21.432756236226616,21.303076789481636,4.660736847441054,16.813444256602967,5.101690342141317,11.675583284822292,13.269890052587725,15.001626635700617,4.843904996110903,0,0,0,248262255.8017795,215475242.61402404,19.329996228459596,19.18835657744686
2018Q2,2062258042.5038073,1793861967.2115948,105.3165534047637,20150476.0,167.09248461363674,118441.8,583016.2,3292287.2,185.0270760384355,130.8598086412818,12.5601173704691,196.94673116161175,21.447067356566006,21.307636656269253,4.656970609109381,16.818738468906737,5.118547459207739,11.682176979668435,13.275970252253602,15.007093078772051,4.874126587124168,0,0,0,250175967.4918695,220021526.05156383,19.337675098193714,19.209235945218985
2018Q3,2083995818.6842208,1860016526.0350003,105.27445640936382,20276154.0,169.43177939822766,119276.4,580490.0,3300454.1,207.4398240919986,129.6850760165396,12.565418512114322,197.9935458851522,21.45755295444599,21.343851209597105,4.656570810504514,16.82495607373196,5.132450364376731,11.689198767896643,13.271627853442851,15.00957062303047,4.865109019293536,0,0,1,245089080.7709898,219146349.61547476,19.317132297407994,19.205250327676787
2018Q4,2129011615.5287282,1852291855.0015402,104.30144990995215,20304874.0,171.80382430980285,118364.9,580703.1,3318194.7,154.8946025991042,123.39229255733332,12.567166100354523,198.3398595963227,21.47892367870418,21.339689549848245,4.647285263251927,16.826371513715145,5.146353269545722,11.68152750477855,13.2719948897306,15.014931427938594,4.815368650503894,0,0,1,248302785.09655434,213572654.95162636,19.330159467074992,19.17948763696568
2019Q1,2061496426.4554114,1740772948.3370032,103.97647260368493,20431641.0,174.5526854987597,118989.5,581346.4,3344066.7,121.0934662222541,118.3824569994502,12.574192297858753,199.73834187587133,21.446697976641577,21.277595074717127,4.644164648584077,16.832595286622414,5.162226618702013,11.686790532906587,13.273102071594566,15.022698199160056,4.773920544237683,0,0,1,234083575.3153585,198577556.09824628,19.27118876902306,19.10669029260632
2019Q2,2052261841.9584942,1745548147.190525,103.57755531306007,20602275.0,176.99642309574233,119757.3,583682.8,3358249.9,182.318960515428,119.0915106418699,12.581569629440747,201.21732662617248,21.44220835940794,21.280334467738527,4.6403206587965755,16.840912064555308,5.176129523871004,11.693222473749186,13.277112963565665,15.026930533147846,4.779892194575344,0,0,1,233801278.381242,200665846.49836674,19.269982074828363,19.11715162737919
2019Q3,2052231636.5592465,1758188710.06407,104.35116690529952,20843322.0,179.47437301908272,120204.3,584189.4,3367656.4,178.7555115689171,114.4943705623549,12.58823773498953,202.5635483845931,21.442193641197566,21.28754997405717,4.647761816070168,16.85254416713622,5.190032429039995,11.696948074153863,13.277980524300093,15.029727630137687,4.740525656391356,0,0,1,237434204.4960792,203025804.5039213,19.285401109357327,19.128843644710397
2019Q4,2013918610.2960103,1755173267.4565387,103.43800208281881,20985448.0,181.80753986833076,120377.7,567232.7,3367741.5,135.138961408856,116.121506808269,12.587314521196022,202.3766252209607,21.423348218457978,21.285833416886426,4.638972419532473,16.85933980310427,5.2029486543065415,11.698389578755423,13.248524904160266,15.029752899617312,4.754637115374933,0,0,1,234948365.2561479,200857003.93677962,19.274876325651686,19.118103789641676
2020Q1,2043516466.5612488,1741473063.4245846,102.1216891848729,20709212.0,162.89955572202436,120316.0,569268.9,3273228.6,98.87073816691311,107.3836097481321,12.56090838397593,197.10258031735376,21.43793791895486,21.27799718019425,4.6261651334122815,16.846089183396305,5.093133788299335,11.697876893950198,13.252108184955853,15.001287395223978,4.676407561007273,0,1,1,223101468.3515769,193110723.64599538,19.22313724096594,19.07877428001522
2020Q2,1787450617.2104053,1530411684.5368674,98.52771263814631,19077992.0,181.47010507433515,105741.1,528235.0,2919959.3,60.60567657096685,92.21800047899312,12.495751239754563,184.66939295489675,21.304056205415375,21.148802611017306,4.5903378551876814,16.764045977356037,5.201090929804427,11.568748932610308,13.177296539429138,14.88708023579116,4.524155344467953,0,1,1,189181551.90827662,162490551.50935513,19.058217704057846,18.90613041348579
2020Q3,2221194962.024428,1704399016.718525,99.99191186797934,20558879.0,187.64008864686255,115643.7,554752.2,3235158.7,64.10366918469609,106.62545780359352,12.567262516532345,198.35898368941588,21.521311159196806,21.25647840268217,4.605089301396815,16.83880347371848,5.234525705890665,11.658269191467614,13.226276806537316,14.98958854190089,4.669322299388497,0,1,1,248252154.84145904,191452527.16586897,19.329955540978606,19.070150435935577
2020Q4,2137113508.256051,1700502363.6411223,99.26783022792682,20791917.0,192.70637104032784,120034.6,563834.8,3248098.6,79.378654,117.2297869418754,12.587471535868318,202.40840381523748,21.482721927575245,21.254189552378875,4.5978215530838895,16.850074863375525,5.261167636837086,11.69553531353745,13.242516579772909,14.993580336945794,4.764135999645212,0,0,1,245878701.49388257,191468916.81141615,19.320348888932863,19.070236039109883
2021Q1,2379817384.190558,1882170193.021932,99.49928938760807,21082134.0,193.66990289552945,126219.2,570734.3,3280937.4,53.040799,138.6506108974602,12.608129997134375,206.6333400703881,21.59028959235425,21.355691306019775,4.60015050230596,16.863936509910264,5.266155178348124,11.745775356978388,13.254679056348346,15.003639732212303,4.931957178092183,0,0,1,263716969.886366,210528752.90477073,19.39038700225396,19.165132795130518
2021Q2,2479966021.747162,1960298140.3156452,99.28764801310717,21440929.0,196.38128153606687,125820.4,574127.2,3349504.7,48.852583,153.7281498782524,12.61812147779389,208.70826159893872,21.63151069612104,21.39636241102686,4.598021172710824,16.88081222345203,5.280058083517116,11.742610772263777,13.260606253538889,15.024323042123982,5.035185781974397,0,0,1,274095161.92975765,218579651.06135866,19.42898591036845,19.202661041822832
2021Q3,2514859945.51944,2040070398.9867854,97.69106214238039,21617828.0,197.55956922528327,127014.1,572934.3,3407694.4,49.407744,166.5328283530622,12.62598312890843,210.35551973660506,21.64548295128127,21.43625015351435,4.5818100721861565,16.88902890259395,5.286040155194663,11.75205338290011,13.258526329437089,15.041546491549123,5.115192457271243,0,0,1,274547494.8535478,221721230.07105407,19.430634827092977,19.21693143035839
2021Q4,2712735868.15427,2141458147.118478,98.33458718990077,21988737.0,201.11564147133836,129539.6,579673.2,3437648.4,47.223019,187.09888989755487,12.641517355588121,213.6487426750278,21.72122350803411,21.48475281110632,4.588375818674153,16.906040925683662,5.303880073322994,11.771741904882827,13.270219775450109,15.050298190934218,5.2316373000585665,0,0,1,291236546.43010664,228611985.33281708,19.489646369262623,19.24753673722803
2022Q1,2803448947.9614096,2285607067.4205246,97.44455465940217,21932710.0,201.92010403722372,131743.3,577338.8,3462243.4,51.512648,211.8704689957235,12.646412415247385,214.69712988209147,21.754116263253906,21.549897501027143,4.579283546089623,16.90348968777071,5.307872094592532,11.788610611220562,13.266184548213749,15.057427318428326,5.355975092635125,0,0,1,287620510.8483703,234498973.29463232,19.47715249854349,19.272961767566535
2022Q2,3125730342.367624,2579988247.3550944,97.89785348006743,21967045.0,197.67978185244203,132233.6,582711.7,3491838.4,59.663552,228.74345202257007,12.64706253691578,214.83675451995344,21.862933802386593,21.671050680580837,4.583924623658376,16.90505393372156,5.286648458140905,11.792325334469536,13.27544783187244,15.065938917665767,5.4326010787079815,0,0,1,311593010.79710436,259454322.71817148,19.557208441661505,19.37409122472295
2022Q3,3310724797.1568885,2855583506.9055967,98.40389410209966,22125625.0,205.58697312653973,132527.1,581083.6,3509112.0,60.466559,230.4757766946472,12.65644170290917,216.86122317504922,21.920432974315247,21.77254203987398,4.5890803774835,16.912246997046854,5.325869171294187,11.79454243179724,13.272649915327992,15.070873571981322,5.440145766652501,0,0,1,323536108.70063525,278179513.41741323,19.594821284534532,19.443777194977205
2022Q4,2940613541.7712827,2438573342.400862,97.60058383421487,22278345.0,207.23166891155205,132421.3,583956.0,3502979.6,48.209235,192.5785522944684,12.659773005209885,217.58485812091223,21.801884084202065,21.614679009512958,4.580883475309094,16.919125688397177,5.333837340943363,11.793743785678798,13.277580916506224,15.069124478582879,5.26050413435979,0,0,1,277344124.77057576,230686491.0436745,19.440769620792707,19.256570165051833
2023Q1,2781433778.0784883,2303502518.3651977,97.03762185252589,22439607.0,210.96183895195998,132503.5,589329.2,3501334.3,53.953724,175.1661733881699,12.666205020202453,218.988877687503,21.746232379207168,21.557696635617354,4.575098757457156,16.926338125096425,5.351677259071694,11.794364339153882,13.28674021991236,15.068654682381922,5.165735085592618,0,0,1,272014248.93864256,222315796.16477588,19.421365008692018,19.21960943428117
2023Q2,2722436132.1457276,2197833889.104707,96.12238381780968,22580499.0,212.01664814671975,133127.6,589494.5,3504984.9,48.626566,160.6511263014568,12.6699366200244,219.80758313501298,21.724792953229265,21.510738116416277,4.565622210995716,16.932597215644442,5.356664800582734,11.79906334577154,13.28702066897541,15.069696770310307,5.079235096439605,0,0,1,259352139.03015992,210960360.3207662,19.373697306385893,19.167180808012997
2023Q3,2735379752.7544436,2349613629.276503,95.04453842828867,22840989.0,215.8329478133607,134501.8,582116.2,3515702.4,62.28857,162.5951244473008,12.676627036597164,221.28311789921247,21.729536112452053,21.57751673851134,4.554345607297107,16.944067243040532,5.374504718711065,11.80933286083411,13.274425363142285,15.072749892566673,5.091263211715203,0,0,1,251874695.38127428,217351562.0060044,19.34444228126012,19.197026701966326
2023Q4,2692608633.668004,2420290561.138711,93.73930579897923,23033780.0,218.42294318712104,136534.0,584841.8,3515895.5,50.238332,164.1805885818147,12.685279785367829,223.20613281003114,21.71377631294711,21.607153436493835,4.5405175868663195,16.952472392067,5.386433289576338,11.824328946839904,13.279096662291497,15.072804816071343,5.100966971892466,0,0,1,241201208.55795348,219557081.35636833,19.301142033409864,19.20712280840935
2024Q1,2795733108.728673,2568335528.3416862,92.10603366980062,23082119.0,221.91771027811498,138274.9,584530.6,3534751.5,71.45,160.3444951887855,12.692551763743655,224.835199069511,21.75136020208688,21.666523871693112,4.522940453273963,16.954568806481646,5.402306638732629,11.836999011666089,13.2785644109619,15.078153557812156,5.077324595576603,0,0,1,254367402.99701422,228083437.5982343,19.35429024834715,19.245222074351965
2024Q2,2848068013.4089766,2483631083.6055717,95.10906731432017,23286508.0,221.98143060961556,139612.4,583738.3,3543929.2,91.5,168.6069030908944,12.697288026867685,225.90260349059625,21.769906711323692,21.63298747292089,4.55502431005698,16.963384695024384,5.402593732471133,11.846625290580583,13.277208044937831,15.08074661308092,5.1275699883292,0,0,1,257283266.16667995,224809409.45779628,19.365688238862944,19.230763532126495
2024Q3,2870457142.4194093,2756044446.9498744,98.89312241880071,23478570.0,225.7612634127753,143708.8,588484.8,3562243.9,109.38,163.8590555334251,12.7117520729793,229.19381389480787,21.777737137106705,21.73706231730808,4.594039695450239,16.97159864817343,5.419478084353796,11.875544308883823,13.28530637697168,15.085901213255699,5.099006640834157,0,0,1,269624836.0014906,261380166.53148842,19.412542054426737,19.381486482257028
2024Q4,2846003225.662906,2496253523.543951,100.66106102965958,23586542.0,230.21778211922557,143729.6,590851.7,3578321.8,237.39,166.4799529475996,12.717693161705853,230.55952757473003,21.769181470015717,21.638056854228186,4.611759042020453,16.976186853101762,5.439025739695509,11.87568903554551,13.289320334273821,15.090404477519712,5.11487489945439,0,0,1,270139048.4318324,241005183.98616445,19.414447378590623,19.30032900153962
2025Q1,2874631413.944865,2624914607.0684543,99.31357392205834,23548210.0,233.9012666331332,144628.3,593977.5,3593376.4,477.913597598785,170.936402203847,12.723280421826441,231.85132908353356,21.779190299131646,21.688314201820276,4.598282257802303,16.97456036704534,5.454899088851799,11.881922281867466,13.294596718839484,15.094602819862894,5.1412915703878355,0,0,1,278347778.1995172,245578711.7395566,19.444381890523196,19.319128071895587
2025Q2,2935842085.2166977,2675901503.5019217,101.44070362651216,23770976.0,233.52446500131558,147189.7,595016.8,3598942.0,782.3333339657528,163.3754926931325,12.730208884950631,233.46328019100326,21.80026016056304,21.70755217117397,4.619474427046091,16.9839758986533,5.453286846786652,11.899477510002614,13.296344919423277,15.096150471343647,5.096051187659089,0,0,1,286870967.8875687,262420414.164325,19.47454308338643,19.385458409890447
2025Q3,3006380490.559788,2721831479.492039,102.10434839178635,24026834.0,236.59780405658853,149977.0,592347.5,3613455.1,532.0003015594051,165.5241087552422,12.739625111807854,235.67200601205207,21.824002697299527,21.724570828712505,4.625995313801286,16.9946818470559,5.466361670252646,11.918237227988302,13.291848734896242,15.10017496400185,5.109116856445061,0,0,1,289291317.30932224,266184489.9547858,19.482944756738704,19.399700197595177
2025Q4,3127757635.188045,2752768007.4011736,104.07866669348935,24055749.0,240.5775823145907,151904.2,593780.8,3623058.3,359.0945014800811,169.0777778388526,12.746916775655562,237.3967274610143,21.8635821742708,21.735872790540856,4.6451470237214405,16.995884569608705,5.483042625112283,11.931005337971202,13.294265506669806,15.10282906138451,5.130358832951073,0,0,1,,,,
2026Q1,3182803571.2178416,2800243868.4407616,106.69557486043949,24180419.0,245.59632996478987,153786.5,596624.4,3625418.7,354.522,194.4795290091966,12.755772089433956,239.50828542841487,21.881028271503546,21.752972346206644,4.669979684724537,17.00105373137134,5.503689253021231,11.943320555868214,13.299043048650873,15.103480343049178,5.270326908209361,0,0,1,,,,
2026Q2,4089886681.0559845,3293677075.479223,108.09649025267746,24269613.0,243.56601699637213,155942.7,598288.0,3649040.1,194.8809,207.79466079726328,12.76029638588623,240.5943468939145,22.131783100274014,21.915270429736886,4.683024256520276,17.004735631963786,5.495388022805287,11.957243911065373,13.301827522349305,15.109974704670343,5.336550384385385,0,0,1,,,,
